Workbook
Name Cat_Computer: CODEX!$AL$2:$AL$17
Name Cat_Display: CODEX!$AM$2:$AM$17
Name Cat_IOT: CODEX!$AQ$2:$AQ$5
Name Cat_Network_Device: CODEX!$AN$2:$AN$17
Name Cat_Peripheral: CODEX!$AO$2:$AO$21
Name Cat_Server: CODEX!$AR$2:$AR$3
Name Cat_Utilities: CODEX!$AP$2:$AP$15
Name Category_List: CODEX!$AK$2:$AK$15
Name COMPUTER: IOT!$B$1
Name COMPUTER: SERVER!$B$1
Name COMPUTER: COMPUTER!$B$1
Name Owner_list: CODEX!$AI$1:$AI$6

Sheet Dashboard
B1: DASHBOARD ASET PERANGKAT IT PGT
B2: Ringkasan inventaris aktif • data terhubung langsung ke seluruh register aset
B4: COMPUTER | E4: DISPLAY | H4: NETWORK DEVICE | K4: PERIPHERAL | N4: UTILITIES
B5: ='BASE-DATA'!$C8 -> 57 | E5: ='BASE-DATA'!$C9 -> 22 | H5: ='BASE-DATA'!$C10 -> 8 | K5: ='BASE-DATA'!$C11 -> 57 | N5: ='BASE-DATA'!$C12 -> 6
B8: TOTAL ASSET | F8: DEVICES HANDOVER | J8: IDLE STATUS | N8: SHARED STATUS
B9: =SUM('BASE-DATA'!C8:C12) -> 150 | F9: =SUM(HANDOVER!$R$2:$R$1048576) -> 47 | J9: =SUM('BASE-DATA'!D8:D12) -> 27 | N9: =SUM('BASE-DATA'!E8:F12) -> 116
F13: NOTE: This New Handover
B16: ASSET CATEGORIES

Sheet COMPUTER
A1: 1 | B1: Sample : TTBBKSK000 | C1: Asset Order | E1: Asset ( Category 1 - Computer ) | O1: Operating System | R1: IP Address | T1: MAC Address | V1: Processor | Y1: Ram | AE1: Video (GPU) | AG1: Storage | AJ1: Display | AR1: Image Device
A2: No | B2: No Asset | C2: Purchase Date | D2: No PO | E2: Location | F2: Current Location | G2: Categories | H2: Sub-Cat | I2: Device Name | J2: Short Name | K2: S/N PC UNIT | L2: Manufacture | M2: Model Name | N2: Type | O2: Hostname | P2: Version | Q2: Product Key | R2: IP_WIFI | S2: IP_ETH | T2: MC_WIFI | U2: MC_ETH | V2: Processor_MFG | W2: Model | X2: Specifik | Y2: RAM_MFG | Z2: RAM_Type | AA2: Speed | AB2: Slot | AC2: Chanel | AD2: Size (GB) | AE2: GPU_Model | AF2: Onboard (Y/N) | AG2: Storage_MFG | AH2: Storage_Type | AI2: Storage_Size (GB) | AJ2: Model11 | AK2: Type12 | AL2: Size | AM2: Device Condition | AN2: Ownership | AO2: Asset PIC | AP2: Usage Status | AQ2: NOTES | AR2: img_1 | AS2: img_2 | AT2: img_3 | AU2: Labeling | AV2: Handover Doc
A3: =IF(tbl_computer[[#This Row],[No Asset]]<>"",SUBTOTAL(3,INDEX(tbl_computer[No Asset],1):tbl_computer[[#This Row],[No Asset]]),"") -> 0 | B3: =IF(OR(tbl_computer[[#This Row],[Purchase Date]]="",tbl_computer[[#This Row],[Categories]]=""),"", TEXT(tbl_computer[[#This Row],[Purchase Date]],"YYMM")& _xlfn.XLOOKUP(tbl_computer[[#This Row],[Categories]],CODEX!$Z:$Z,CODEX!$W:$W,"")& TEXT(_xlfn.XLOOKUP(tbl_computer[[#This Row],[Categories]],CODEX!$Z:$Z,CODEX!$Y:$Y,""),"00")& TEXT(COUNTIFS(INDEX(tbl_computer[Purchase Date],1):tbl_computer[[#This Row],[Purchase Date]],">="&DATE(YEAR(tbl_computer[[#This Row],[Purchase Date]]),MONTH(tbl_computer[[#This Row],[Purchase Date]]),1),INDEX(tbl_computer[Purchase Date],1):tbl_computer[[#This Row],[Purchase Date]],"<"&EDATE(DATE(YEAR(tbl_computer[[#This Row],[Purchase Date]]),MONTH(tbl_computer[[#This Row],[Purchase Date]]),1),1),INDEX(tbl_computer[Categories],1):tbl_computer[[#This Row],[Categories]],tbl_computer[[#This Row],[Categories]]),"000")) -> 2601101001 | C3: 46023 | D3: PO-001 | E3: Patimban | F3: Customs Building | G3: Computer | H3: PC | I3: HP Pro Mini 400G9 Desktop PC | J3: MFF PC | K3: 8CC6090X4D | L3: HP | M3: Pro Mini 400G9 | N3: 400G9 | O3: PBPCIT-CUSTOMS | P3: W 11 Pro | Q3: 00355-63810-25299-AAOEM | S3: N/A | T3: EC-3A-56-78-25-C8 | U3: B4-E2-5B-77-5C-B5 | V3: INTEL | W3: Core i7 14700T | X3: Core(TM) i7-14700T (1.30 GHz) | Y3: Samsung | Z3: DDR5 | AA3: 5600 | AB3: 2 | AC3: Dual Chanel | AD3: 16 | AE3: UHD Graphics 770 | AF3: Y | AG3: KIOXIA | AH3: SSD-NVME | AI3: 1024 | AJ3: 4K UHD (3.840 x 2.160 piksel) | AK3: UA55DU8000 | AL3: 55" | AM3: Good | AN3: PGT | AO3: IT | AP3: Shared | AQ3: EX. Jetty; For CCTV monitoring | AU3: TRUE | AV3: =_xlfn.IFNA(INDEX(tbl_handover[No. Handover],MATCH(tbl_computer[[#This Row],[No Asset]],tbl_handover[Asset Code],0)),"") -> SR.26.09.0001/IX/2026/PGT/IT/INT
A4: =IF(tbl_computer[[#This Row],[No Asset]]<>"",SUBTOTAL(3,INDEX(tbl_computer[No Asset],1):tbl_computer[[#This Row],[No Asset]]),"") -> 0 | B4: =IF(OR(tbl_computer[[#This Row],[Purchase Date]]="",tbl_computer[[#This Row],[Categories]]=""),"", TEXT(tbl_computer[[#This Row],[Purchase Date]],"YYMM")& _xlfn.XLOOKUP(tbl_computer[[#This Row],[Categories]],CODEX!$Z:$Z,CODEX!$W:$W,"")& TEXT(_xlfn.XLOOKUP(tbl_computer[[#This Row],[Categories]],CODEX!$Z:$Z,CODEX!$Y:$Y,""),"00")& TEXT(COUNTIFS(INDEX(tbl_computer[Purchase Date],1):tbl_computer[[#This Row],[Purchase Date]],">="&DATE(YEAR(tbl_computer[[#This Row],[Purchase Date]]),MONTH(tbl_computer[[#This Row],[Purchase Date]]),1),INDEX(tbl_computer[Purchase Date],1):tbl_computer[[#This Row],[Purchase Date]],"<"&EDATE(DATE(YEAR(tbl_computer[[#This Row],[Purchase Date]]),MONTH(tbl_computer[[#This Row],[Purchase Date]]),1),1),INDEX(tbl_computer[Categories],1):tbl_computer[[#This Row],[Categories]],tbl_computer[[#This Row],[Categories]]),"000")) -> 2609101001 | C4: 46268 | D4: PO-002 | E4: Patimban | F4: KSOP Building | G4: Computer | H4: PC | I4: HP ProDesk 4 Mini G1i Desktop AI PC | J4: MFF PC | K4: 8CC6062FV7 | L4: HP | M4: ProDesk 4 Mini G1i | N4: G1i | O4: PBPCIT-KSOP | P4: W 11 Pro | Q4: XMNWX-R3HVM-CGKD7-R3W7X-H6DGR | S4: N/A | V4: INTEL | W4: Ultra 5 225T | X4: Intel(R) Core(TM) Ultra 5 225T (2.50 GHz) | Y4: Samsung | Z4: DDR5 | AA4: 5600 | AB4: 2 | AC4: Dual Chanel | AD4: 16 | AE4: Intel ARC Graphics | AF4: Y | AG4: SAMSUNG | AH4: SSD-NVME | AI4: 512 | AJ4: 4K UHD (3.840 x 2.160 piksel) | AK4: UA50U8000 | AL4: 50" | AM4: New | AN4: PGT | AO4: IT | AP4: Shared | AQ4: For CCTV monitoring | AU4: TRUE | AV4: =_xlfn.IFNA(INDEX(tbl_handover[No. Handover],MATCH(tbl_computer[[#This Row],[No Asset]],tbl_handover[Asset Code],0)),"") -> SR.26.09.0002/IX/2026/PGT/IT/INT
A5: =IF(tbl_computer[[#This Row],[No Asset]]<>"",SUBTOTAL(3,INDEX(tbl_computer[No Asset],1):tbl_computer[[#This Row],[No Asset]]),"") -> 0 | B5: =IF(OR(tbl_computer[[#This Row],[Purchase Date]]="",tbl_computer[[#This Row],[Categories]]=""),"", TEXT(tbl_computer[[#This Row],[Purchase Date]],"YYMM")& _xlfn.XLOOKUP(tbl_computer[[#This Row],[Categories]],CODEX!$Z:$Z,CODEX!$W:$W,"")& TEXT(_xlfn.XLOOKUP(tbl_computer[[#This Row],[Categories]],CODEX!$Z:$Z,CODEX!$Y:$Y,""),"00")& TEXT(COUNTIFS(INDEX(tbl_computer[Purchase Date],1):tbl_computer[[#This Row],[Purchase Date]],">="&DATE(YEAR(tbl_computer[[#This Row],[Purchase Date]]),MONTH(tbl_computer[[#This Row],[Purchase Date]]),1),INDEX(tbl_computer[Purchase Date],1):tbl_computer[[#This Row],[Purchase Date]],"<"&EDATE(DATE(YEAR(tbl_computer[[#This Row],[Purchase Date]]),MONTH(tbl_computer[[#This Row],[Purchase Date]]),1),1),INDEX(tbl_computer[Categories],1):tbl_computer[[#This Row],[Categories]],tbl_computer[[#This Row],[Categories]]),"000")) -> 2609101002 | C5: 46268 | D5: PO-002 | E5: Patimban | F5: Engineer Room | G5: Computer | H5: Notebook | I5: HP ZBook 8 G1i 14 inch Mobile Workstation PC | J5: NOTEBOOK | K5: 5CG60633X1 | L5: HP | M5: ZBook 8 G1i | N5: ZBook 8 G1i | O5: JKNBIS-QUENTIN | P5: W 11 Pro | Q5: QN6VY-VY3DF-PGFT6-BDPWT-QYJGG | R5: 10.90.10.87 | S5: N/A | T5: AC-F4-66-CF-BA-C2 | U5: 9C-97-1B-FF-6C-7A | V5: INTEL | W5: Ultra 7 265H | X5: Intel(R) Core(TM) Ultra 7 265H (16 CPUs), ~2.2GHz | Y5: Samsung | Z5: DDR5 | AA5: 5600 | AB5: 2 | AC5: Singgle Chanel | AD5: 32 | AE5: NVDIA RTX500 4 GB GDDR6 Dedicated | AF5: Y | AG5: PC SN5000S | AH5: SSD-NVME | AI5: 1024 | AJ5: WQXGA(2560x1600) Anti-Glare | AK5: WQXGA | AL5: 14" | AM5: New | AN5: PGT | AO5: IT | AP5: Idle | AQ5: For Manager Engineer (Quentin Bonny); include notebook bag | AU5: TRUE | AV5: =_xlfn.IFNA(INDEX(tbl_handover[No. Handover],MATCH(tbl_computer[[#This Row],[No Asset]],tbl_handover[Asset Code],0)),"") -> SR.26.09.0009/IX/2026/PGT/IT/INT
A6: =IF(tbl_computer[[#This Row],[No Asset]]<>"",SUBTOTAL(3,INDEX(tbl_computer[No Asset],1):tbl_computer[[#This Row],[No Asset]]),"") -> 0 | B6: =IF(OR(tbl_computer[[#This Row],[Purchase Date]]="",tbl_computer[[#This Row],[Categories]]=""),"", TEXT(tbl_computer[[#This Row],[Purchase Date]],"YYMM")& _xlfn.XLOOKUP(tbl_computer[[#This Row],[Categories]],CODEX!$Z:$Z,CODEX!$W:$W,"")& TEXT(_xlfn.XLOOKUP(tbl_computer[[#This Row],[Categories]],CODEX!$Z:$Z,CODEX!$Y:$Y,""),"00")& TEXT(COUNTIFS(INDEX(tbl_computer[Purchase Date],1):tbl_computer[[#This Row],[Purchase Date]],">="&DATE(YEAR(tbl_computer[[#This Row],[Purchase Date]]),MONTH(tbl_computer[[#This Row],[Purchase Date]]),1),INDEX(tbl_computer[Purchase Date],1):tbl_computer[[#This Row],[Purchase Date]],"<"&EDATE(DATE(YEAR(tbl_computer[[#This Row],[Purchase Date]]),MONTH(tbl_computer[[#This Row],[Purchase Date]]),1),1),INDEX(tbl_computer[Categories],1):tbl_computer[[#This Row],[Categories]],tbl_computer[[#This Row],[Categories]]),"000")) -> 2609101003 | C6: 46268 | D6: PO-002 | E6: Patimban | F6: Engineer Room | G6: Computer | H6: PC | I6: HP ProDesk 4 Mini G1i Desktop AI PC | J6: MFF PC | K6: 8CC6062FT4 | L6: HP | M6: ProDesk 4 Mini G1i | O6: PBPCOP-LABOUR2 | P6: W 11 Pro | Q6: NPDHG-MFP9V-RPD42-276F6-GMVCM | R6: 10.90.10.114 | S6: N/A | T6: 44-25-38-33-F0-A1 | U6: B4-E2-5B-72-44-CA | V6: INTEL | W6: Ultra 5 225T | X6: Intel(R) Core(TM) Ultra 5 225T (2.50 GHz) | Y6: Samsung | Z6: DDR5 | AA6: 5600 | AB6: 2 | AC6: Dual Chanel | AD6: 16 | AE6: Intel ARC Graphics | AF6: Y | AG6: SAMSUNG | AH6: SSD-NVME | AI6: 512 | AJ6: IPS Full HD (1920×1080) – 120 Hz | AK6: F27F320GA | AL6: 27" | AM6: New | AN6: PGT | AO6: IT | AP6: In used by User | AQ6: Exchange from PBPCIT-ITSTAFF; Asset allocation for Labour Staff | AU6: TRUE | AV6: =_xlfn.IFNA(INDEX(tbl_handover[No. Handover],MATCH(tbl_computer[[#This Row],[No Asset]],tbl_handover[Asset Code],0)),"") -> SR.26.09.0005/IX/2026/PGT/IT/INT
A7: =IF(tbl_computer[[#This Row],[No Asset]]<>"",SUBTOTAL(3,INDEX(tbl_computer[No Asset],1):tbl_computer[[#This Row],[No Asset]]),"") -> 0 | B7: =IF(OR(tbl_computer[[#This Row],[Purchase Date]]="",tbl_computer[[#This Row],[Categories]]=""),"", TEXT(tbl_computer[[#This Row],[Purchase Date]],"YYMM")& _xlfn.XLOOKUP(tbl_computer[[#This Row],[Categories]],CODEX!$Z:$Z,CODEX!$W:$W,"")& TEXT(_xlfn.XLOOKUP(tbl_computer[[#This Row],[Categories]],CODEX!$Z:$Z,CODEX!$Y:$Y,""),"00")& TEXT(COUNTIFS(INDEX(tbl_computer[Purchase Date],1):tbl_computer[[#This Row],[Purchase Date]],">="&DATE(YEAR(tbl_computer[[#This Row],[Purchase Date]]),MONTH(tbl_computer[[#This Row],[Purchase Date]]),1),INDEX(tbl_computer[Purchase Date],1):tbl_computer[[#This Row],[Purchase Date]],"<"&EDATE(DATE(YEAR(tbl_computer[[#This Row],[Purchase Date]]),MONTH(tbl_computer[[#This Row],[Purchase Date]]),1),1),INDEX(tbl_computer[Categories],1):tbl_computer[[#This Row],[Categories]],tbl_computer[[#This Row],[Categories]]),"000")) -> 2609101004 | C7: 46268 | D7: PO-002 | E7: Patimban | F7: Engineer Room | G7: Computer | H7: PC | I7: HP ProDesk 4 Mini G1i Desktop AI PC | J7: MFF PC | K7: 8CC6062FR8 | L7: HP | M7: ProDesk 4 Mini G1i | O7: PBPCIT-ASSET260801 | P7: W 11 Pro | Q7: 2NQVP-9T3PW-6KXQJ-FP2J2-GQ78Y | R7: 10.90.10.93 | S7: N/A | T7: 44-25-38-33-EF-53 | U7: B4-E2-5B-72-45-F9 | V7: INTEL | W7: Ultra 5 225T | X7: Intel(R) Core(TM) Ultra 5 225T (2.50 GHz) | Y7: Samsung | Z7: DDR5 | AA7: 5600 | AB7: 2 | AC7: Dual Chanel | AD7: 16 | AE7: Intel ARC Graphics | AF7: Y | AG7: SAMSUNG | AH7: SSD-NVME | AI7: 512 | AJ7: IPS Full HD (1920×1080) – 120 Hz | AK7: F27F320GA | AL7: 27" | AM7: New | AN7: PGT | AO7: IT | AP7: Idle | AQ7: Spare PC desktop | AU7: TRUE | AV7: =_xlfn.IFNA(INDEX(tbl_handover[No. Handover],MATCH(tbl_computer[[#This Row],[No Asset]],tbl_handover[Asset Code],0)),"")
A8: =IF(tbl_computer[[#This Row],[No Asset]]<>"",SUBTOTAL(3,INDEX(tbl_computer[No Asset],1):tbl_computer[[#This Row],[No Asset]]),"") -> 0 | B8: =IF(OR(tbl_computer[[#This Row],[Purchase Date]]="",tbl_computer[[#This Row],[Categories]]=""),"", TEXT(tbl_computer[[#This Row],[Purchase Date]],"YYMM")& _xlfn.XLOOKUP(tbl_computer[[#This Row],[Categories]],CODEX!$Z:$Z,CODEX!$W:$W,"")& TEXT(_xlfn.XLOOKUP(tbl_computer[[#This Row],[Categories]],CODEX!$Z:$Z,CODEX!$Y:$Y,""),"00")& TEXT(COUNTIFS(INDEX(tbl_computer[Purchase Date],1):tbl_computer[[#This Row],[Purchase Date]],">="&DATE(YEAR(tbl_computer[[#This Row],[Purchase Date]]),MONTH(tbl_computer[[#This Row],[Purchase Date]]),1),INDEX(tbl_computer[Purchase Date],1):tbl_computer[[#This Row],[Purchase Date]],"<"&EDATE(DATE(YEAR(tbl_computer[[#This Row],[Purchase Date]]),MONTH(tbl_computer[[#This Row],[Purchase Date]]),1),1),INDEX(tbl_computer[Categories],1):tbl_computer[[#This Row],[Categories]],tbl_computer[[#This Row],[Categories]]),"000")) -> 2609101005 | C8: 46268 | D8: PO-002 | E8: Patimban | F8: Engineer Room | G8: Computer | H8: PC | I8: HP ProDesk 4 Mini G1i Desktop AI PC | J8: MFF PC | K8: 8CC6062FS5 | L8: HP | M8: ProDesk 4 Mini G1i | O8: PBPCEQ-STAFF2 | P8: W 11 Pro | Q8: MX22P-KNGKJ-CTYT3-WB4Q4-844JY | R8: 10.90.10.94 | S8: N/A | T8: 44-25-38-33-74-13 | U8: B4-E2-5B-72-45-74 | V8: INTEL | W8: Ultra 5 225T | X8: Intel(R) Core(TM) Ultra 5 225T (2.50 GHz) | Y8: Samsung | Z8: DDR5 | AA8: 5600 | AB8: 2 | AC8: Dual Chanel | AD8: 16 | AE8: Intel ARC Graphics | AF8: Y | AG8: SAMSUNG | AH8: SSD-NVME | AI8: 512 | AJ8: IPS Full HD (1920×1080) – 120 Hz | AK8: F27F320GA | AL8: 27" | AM8: New | AN8: PGT | AO8: IT | AP8: Idle | AQ8: Asset allocation for Equipment Staff 2 | AU8: FALSE | AV8: =_xlfn.IFNA(INDEX(tbl_handover[No. Handover],MATCH(tbl_computer[[#This Row],[No Asset]],tbl_handover[Asset Code],0)),"") -> SR.26.09.0010/IX/2026/PGT/IT/INT
A9: =IF(tbl_computer[[#This Row],[No Asset]]<>"",SUBTOTAL(3,INDEX(tbl_computer[No Asset],1):tbl_computer[[#This Row],[No Asset]]),"") -> 0 | B9: =IF(OR(tbl_computer[[#This Row],[Purchase Date]]="",tbl_computer[[#This Row],[Categories]]=""),"", TEXT(tbl_computer[[#This Row],[Purchase Date]],"YYMM")& _xlfn.XLOOKUP(tbl_computer[[#This Row],[Categories]],CODEX!$Z:$Z,CODEX!$W:$W,"")& TEXT(_xlfn.XLOOKUP(tbl_computer[[#This Row],[Categories]],CODEX!$Z:$Z,CODEX!$Y:$Y,""),"00")& TEXT(COUNTIFS(INDEX(tbl_computer[Purchase Date],1):tbl_computer[[#This Row],[Purchase Date]],">="&DATE(YEAR(tbl_computer[[#This Row],[Purchase Date]]),MONTH(tbl_computer[[#This Row],[Purchase Date]]),1),INDEX(tbl_computer[Purchase Date],1):tbl_computer[[#This Row],[Purchase Date]],"<"&EDATE(DATE(YEAR(tbl_computer[[#This Row],[Purchase Date]]),MONTH(tbl_computer[[#This Row],[Purchase Date]]),1),1),INDEX(tbl_computer[Categories],1):tbl_computer[[#This Row],[Categories]],tbl_computer[[#This Row],[Categories]]),"000")) -> 2609101006 | C9: 46268 | D9: PO-002 | E9: Patimban | F9: Customs Gate-Out | G9: Computer | H9: PC | I9: HP ProDesk 4 Mini G1i Desktop AI PC | J9: MFF PC | K9: 8CC6062FST | L9: HP | M9: ProDesk 4 Mini G1i | O9: PBPCIT-GATEOUT | P9: W 11 Pro | Q9: D88W6-NVTMG-JWHRH-X4Y6J-CPQPM | R9: 10.90.10.96 | S9: N/A | T9: 44-25-38-33-F0-D5 | U9: B4-E2-5B-72-45-C7 | V9: INTEL | W9: Ultra 5 225T | X9: Intel(R) Core(TM) Ultra 5 225T (2.50 GHz) | Y9: Samsung | Z9: DDR5 | AA9: 5600 | AB9: 2 | AC9: Dual Chanel | AD9: 16 | AE9: Intel ARC Graphics | AF9: Y | AG9: SAMSUNG | AH9: SSD-NVME | AI9: 512 | AJ9: IPS Full HD (1920×1080) – 120 Hz | AK9: F27F320GA | AL9: 27" | AM9: New | AN9: PGT | AO9: IT | AP9: In used by User | AQ9: Exchange to PBPCHS-GATEOUT; Asset allocation for Customs in PGT | AU9: TRUE | AV9: =_xlfn.IFNA(INDEX(tbl_handover[No. Handover],MATCH(tbl_computer[[#This Row],[No Asset]],tbl_handover[Asset Code],0)),"")
A10: =IF(tbl_computer[[#This Row],[No Asset]]<>"",SUBTOTAL(3,INDEX(tbl_computer[No Asset],1):tbl_computer[[#This Row],[No Asset]]),"") -> 0 | B10: =IF(OR(tbl_computer[[#This Row],[Purchase Date]]="",tbl_computer[[#This Row],[Categories]]=""),"", TEXT(tbl_computer[[#This Row],[Purchase Date]],"YYMM")& _xlfn.XLOOKUP(tbl_computer[[#This Row],[Categories]],CODEX!$Z:$Z,CODEX!$W:$W,"")& TEXT(_xlfn.XLOOKUP(tbl_computer[[#This Row],[Categories]],CODEX!$Z:$Z,CODEX!$Y:$Y,""),"00")& TEXT(COUNTIFS(INDEX(tbl_computer[Purchase Date],1):tbl_computer[[#This Row],[Purchase Date]],">="&DATE(YEAR(tbl_computer[[#This Row],[Purchase Date]]),MONTH(tbl_computer[[#This Row],[Purchase Date]]),1),INDEX(tbl_computer[Purchase Date],1):tbl_computer[[#This Row],[Purchase Date]],"<"&EDATE(DATE(YEAR(tbl_computer[[#This Row],[Purchase Date]]),MONTH(tbl_computer[[#This Row],[Purchase Date]]),1),1),INDEX(tbl_computer[Categories],1):tbl_computer[[#This Row],[Categories]],tbl_computer[[#This Row],[Categories]]),"000")) -> 2609101007 | C10: 46268 | D10: PO-002 | E10: Patimban | F10: Customs Gate-In | G10: Computer | H10: PC | I10: HP ProDesk 4 Mini G1i Desktop AI PC | J10: MFF PC | K10: 8CC6062FV2 | L10: HP | M10: ProDesk 4 Mini G1i | O10: PBPCIT-GATEIN | P10: W 11 Pro | Q10: M273T-6NJC7-BCMVG-X69G9-9HJ6B | R10: 10.90.10.98 | S10: N/A | T10: 44-25-38-33-79-07 | U10: B4-E2-5B-72-44-5C | V10: INTEL | W10: Ultra 5 225T | X10: Intel(R) Core(TM) Ultra 5 225T (2.50 GHz) | Y10: Samsung | Z10: DDR5 | AA10: 5600 | AB10: 2 | AC10: Dual Chanel | AD10: 16 | AE10: Intel ARC Graphics | AF10: Y | AG10: SAMSUNG | AH10: SSD-NVME | AI10: 512 | AM10: New | AN10: PGT | AO10: IT | AP10: In used by User | AQ10: Asset allocation for Customs in PGT | AU10: FALSE | AV10: =_xlfn.IFNA(INDEX(tbl_handover[No. Handover],MATCH(tbl_computer[[#This Row],[No Asset]],tbl_handover[Asset Code],0)),"")
A11: =IF(tbl_computer[[#This Row],[No Asset]]<>"",SUBTOTAL(3,INDEX(tbl_computer[No Asset],1):tbl_computer[[#This Row],[No Asset]]),"") -> 0 | B11: =IF(OR(tbl_computer[[#This Row],[Purchase Date]]="",tbl_computer[[#This Row],[Categories]]=""),"", TEXT(tbl_computer[[#This Row],[Purchase Date]],"YYMM")& _xlfn.XLOOKUP(tbl_computer[[#This Row],[Categories]],CODEX!$Z:$Z,CODEX!$W:$W,"")& TEXT(_xlfn.XLOOKUP(tbl_computer[[#This Row],[Categories]],CODEX!$Z:$Z,CODEX!$Y:$Y,""),"00")& TEXT(COUNTIFS(INDEX(tbl_computer[Purchase Date],1):tbl_computer[[#This Row],[Purchase Date]],">="&DATE(YEAR(tbl_computer[[#This Row],[Purchase Date]]),MONTH(tbl_computer[[#This Row],[Purchase Date]]),1),INDEX(tbl_computer[Purchase Date],1):tbl_computer[[#This Row],[Purchase Date]],"<"&EDATE(DATE(YEAR(tbl_computer[[#This Row],[Purchase Date]]),MONTH(tbl_computer[[#This Row],[Purchase Date]]),1),1),INDEX(tbl_computer[Categories],1):tbl_computer[[#This Row],[Categories]],tbl_computer[[#This Row],[Categories]]),"000")) -> 2601101002 | C11: 46023 | D11: PO-001 | E11: Patimban | F11: Equipment Room | G11: Computer | H11: PC | I11: Dell Pro Micro QCM1250 | J11: MFF PC | K11: FLYZHC4 | L11: DELL | M11: Pro Micro QCM1250 | O11: PBPCEQ-TIRTA | P11: W 11 Pro | Q11: W3MGP-NWGJ2-349TB-6W9RJ-RX9CT | S11: N/A | T11: FC-4C-EA-11-2D-54 | U11: C0-A8-10-1D-2E-EB | V11: INTEL | W11: i5-14500T | X11: Intel(R) Core(TM) i5-14500T (1.70 GHz) | Y11: Samsung | Z11: DDR5 | AA11: 5600 | AB11: 2 | AC11: Dual Chanel | AD11: 16 | AF11: Y | AH11: SSD-NVME | AI11: 512 | AM11: Good | AN11: PGT | AO11: IT | AP11: In used by User | AU11: FALSE | AV11: =_xlfn.IFNA(INDEX(tbl_handover[No. Handover],MATCH(tbl_computer[[#This Row],[No Asset]],tbl_handover[Asset Code],0)),"")
A12: =IF(tbl_computer[[#This Row],[No Asset]]<>"",SUBTOTAL(3,INDEX(tbl_computer[No Asset],1):tbl_computer[[#This Row],[No Asset]]),"") -> 0 | B12: =IF(OR(tbl_computer[[#This Row],[Purchase Date]]="",tbl_computer[[#This Row],[Categories]]=""),"", TEXT(tbl_computer[[#This Row],[Purchase Date]],"YYMM")& _xlfn.XLOOKUP(tbl_computer[[#This Row],[Categories]],CODEX!$Z:$Z,CODEX!$W:$W,"")& TEXT(_xlfn.XLOOKUP(tbl_computer[[#This Row],[Categories]],CODEX!$Z:$Z,CODEX!$Y:$Y,""),"00")& TEXT(COUNTIFS(INDEX(tbl_computer[Purchase Date],1):tbl_computer[[#This Row],[Purchase Date]],">="&DATE(YEAR(tbl_computer[[#This Row],[Purchase Date]]),MONTH(tbl_computer[[#This Row],[Purchase Date]]),1),INDEX(tbl_computer[Purchase Date],1):tbl_computer[[#This Row],[Purchase Date]],"<"&EDATE(DATE(YEAR(tbl_computer[[#This Row],[Purchase Date]]),MONTH(tbl_computer[[#This Row],[Purchase Date]]),1),1),INDEX(tbl_computer[Categories],1):tbl_computer[[#This Row],[Categories]],tbl_computer[[#This Row],[Categories]]),"000")) -> 2601101003 | C12: 46023 | D12: PO-001 | E12: Patimban | F12: Labour Room | G12: Computer | H12: PC | I12: Dell Pro Micro QCM1250 | J12: MFF PC | K12: CNYZHC4 | L12: DELL | M12: Pro Micro QCM1250 | O12: PBPCOP-LABOUR1 | P12: W 11 Pro | Q12: T494N-JBXDH-7DHM6-MW9W6-HFTPT | S12: N/A | T12: FC-4C-EA-11-2D-20 | U12: C0-A8-10-1D-2E-E1 | V12: INTEL | W12: i5-14500T | X12: Intel(R) Core(TM) i5-14500T (1.70 GHz) | Y12: Samsung | Z12: DDR5 | AA12: 5600 | AB12: 2 | AC12: Dual Chanel | AD12: 16 | AF12: Y | AH12: SSD-NVME | AI12: 512 | AM12: Good | AN12: PGT | AO12: IT | AP12: In used by User | AU12: TRUE | AV12: =_xlfn.IFNA(INDEX(tbl_handover[No. Handover],MATCH(tbl_computer[[#This Row],[No Asset]],tbl_handover[Asset Code],0)),"")
A13: =IF(tbl_computer[[#This Row],[No Asset]]<>"",SUBTOTAL(3,INDEX(tbl_computer[No Asset],1):tbl_computer[[#This Row],[No Asset]]),"") -> 0 | B13: =IF(OR(tbl_computer[[#This Row],[Purchase Date]]="",tbl_computer[[#This Row],[Categories]]=""),"", TEXT(tbl_computer[[#This Row],[Purchase Date]],"YYMM")& _xlfn.XLOOKUP(tbl_computer[[#This Row],[Categories]],CODEX!$Z:$Z,CODEX!$W:$W,"")& TEXT(_xlfn.XLOOKUP(tbl_computer[[#This Row],[Categories]],CODEX!$Z:$Z,CODEX!$Y:$Y,""),"00")& TEXT(COUNTIFS(INDEX(tbl_computer[Purchase Date],1):tbl_computer[[#This Row],[Purchase Date]],">="&DATE(YEAR(tbl_computer[[#This Row],[Purchase Date]]),MONTH(tbl_computer[[#This Row],[Purchase Date]]),1),INDEX(tbl_computer[Purchase Date],1):tbl_computer[[#This Row],[Purchase Date]],"<"&EDATE(DATE(YEAR(tbl_computer[[#This Row],[Purchase Date]]),MONTH(tbl_computer[[#This Row],[Purchase Date]]),1),1),INDEX(tbl_computer[Categories],1):tbl_computer[[#This Row],[Categories]],tbl_computer[[#This Row],[Categories]]),"000")) -> 2601101004 | C13: 46023 | D13: PO-001 | E13: Patimban | F13: HSE Room | G13: Computer | H13: PC | I13: HP Pro Mini PC 400 G9 | J13: MFF PC | K13: 8CC6090X4V | L13: HP | M13: Pro Mini PC 400 G9 | O13: PBPCHS-HSSE | P13: W 11 Pro | S13: N/A | T13: EC-3A-56-75-AC-C2 | U13: B4-E2-5B-77-5C-9E | V13: INTEL | W13: Core i7 14700T | X13: Core(TM) i7-14700T (1.30 GHz) | Y13: Samsung | Z13: DDR5 | AA13: 5600 | AB13: 2 | AC13: Dual Chanel | AD13: 16 | AE13: UHD Graphics 770 | AF13: Y | AG13: KIOXIA | AH13: SSD-NVME | AI13: 1024 | AL13: 27" | AM13: Good | AN13: PGT | AO13: IT | AP13: Shared | AQ13: For CCTV display in HSSE room | AU13: TRUE | AV13: =_xlfn.IFNA(INDEX(tbl_handover[No. Handover],MATCH(tbl_computer[[#This Row],[No Asset]],tbl_handover[Asset Code],0)),"") -> SR.26.09.0011/IX/2026/PGT/IT/INT
A14: =IF(tbl_computer[[#This Row],[No Asset]]<>"",SUBTOTAL(3,INDEX(tbl_computer[No Asset],1):tbl_computer[[#This Row],[No Asset]]),"") -> 0 | B14: =IF(OR(tbl_computer[[#This Row],[Purchase Date]]="",tbl_computer[[#This Row],[Categories]]=""),"", TEXT(tbl_computer[[#This Row],[Purchase Date]],"YYMM")& _xlfn.XLOOKUP(tbl_computer[[#This Row],[Categories]],CODEX!$Z:$Z,CODEX!$W:$W,"")& TEXT(_xlfn.XLOOKUP(tbl_computer[[#This Row],[Categories]],CODEX!$Z:$Z,CODEX!$Y:$Y,""),"00")& TEXT(COUNTIFS(INDEX(tbl_computer[Purchase Date],1):tbl_computer[[#This Row],[Purchase Date]],">="&DATE(YEAR(tbl_computer[[#This Row],[Purchase Date]]),MONTH(tbl_computer[[#This Row],[Purchase Date]]),1),INDEX(tbl_computer[Purchase Date],1):tbl_computer[[#This Row],[Purchase Date]],"<"&EDATE(DATE(YEAR(tbl_computer[[#This Row],[Purchase Date]]),MONTH(tbl_computer[[#This Row],[Purchase Date]]),1),1),INDEX(tbl_computer[Categories],1):tbl_computer[[#This Row],[Categories]],tbl_computer[[#This Row],[Categories]]),"000")) -> 2601101005 | C14: 46023 | D14: PO-001 | E14: Patimban | F14: Operations Room | G14: Computer | H14: PC | I14: Dell Pro Micro QCM1250 | J14: MFF PC | K14: 11N0JC4 | L14: DELL | M14: Pro Micro QCM1250 | O14: PBPCOP-BERTHING | P14: W 11 Pro | Q14: QR44C-N7QHM-TV7YP-97P8T-6F4TG | R14: 10.90.10.129 | S14: N/A | T14: C0-A8-10-30-81-85 | U14: FC-4C-EA-10-9C-2E | V14: INTEL | W14: i5-14500T | X14: Core(TM)i5-14500T (1.70 GHz) | Y14: Samsung | Z14: DDR5 | AA14: 5600 | AB14: 2 | AC14: Dual Chanel | AD14: 16 | AE14: UHD Graphics 770 | AF14: Y | AG14: KIOXIA | AH14: SSD-NVME | AI14: 512 | AJ14: Samsung Curved 32" S32D396GAE | AK14: Curve | AL14: 32" | AM14: Good | AN14: PGT | AO14: IT | AP14: In used by User | AU14: TRUE | AV14: =_xlfn.IFNA(INDEX(tbl_handover[No. Handover],MATCH(tbl_computer[[#This Row],[No Asset]],tbl_handover[Asset Code],0)),"")
A15: =IF(tbl_computer[[#This Row],[No Asset]]<>"",SUBTOTAL(3,INDEX(tbl_computer[No Asset],1):tbl_computer[[#This Row],[No Asset]]),"") -> 0 | B15: =IF(OR(tbl_computer[[#This Row],[Purchase Date]]="",tbl_computer[[#This Row],[Categories]]=""),"", TEXT(tbl_computer[[#This Row],[Purchase Date]],"YYMM")& _xlfn.XLOOKUP(tbl_computer[[#This Row],[Categories]],CODEX!$Z:$Z,CODEX!$W:$W,"")& TEXT(_xlfn.XLOOKUP(tbl_computer[[#This Row],[Categories]],CODEX!$Z:$Z,CODEX!$Y:$Y,""),"00")& TEXT(COUNTIFS(INDEX(tbl_computer[Purchase Date],1):tbl_computer[[#This Row],[Purchase Date]],">="&DATE(YEAR(tbl_computer[[#This Row],[Purchase Date]]),MONTH(tbl_computer[[#This Row],[Purchase Date]]),1),INDEX(tbl_computer[Purchase Date],1):tbl_computer[[#This Row],[Purchase Date]],"<"&EDATE(DATE(YEAR(tbl_computer[[#This Row],[Purchase Date]]),MONTH(tbl_computer[[#This Row],[Purchase Date]]),1),1),INDEX(tbl_computer[Categories],1):tbl_computer[[#This Row],[Categories]],tbl_computer[[#This Row],[Categories]]),"000")) -> 2601101006 | C15: 46023 | D15: PO-001 | E15: Patimban | F15: Operations Room | G15: Computer | H15: PC | I15: Dell Pro Micro QCM1250 | J15: MFF PC | K15: 91N0JC4 | L15: DELL | M15: Pro Micro QCM1250 | O15: PBPCOP-YARD | P15: W 11 Pro | Q15: D9WNB-H36DJ-4M2J9-6V94R-MWRTG | S15: N/A | T15: 86-47-21-9B-E7-75 | U15: FC-4C-EA-11-46-A4 | V15: INTEL | W15: i5-14500T | X15: Core(TM)i5-14500T (1.70 GHz) | Y15: Samsung | Z15: DDR5 | AA15: 5600 | AB15: 2 | AC15: Dual Chanel | AD15: 16 | AE15: UHD Graphics 770 | AF15: Y | AG15: KIOXIA | AH15: SSD-NVME | AI15: 512 | AJ15: Samsung Curved 32" S32D396GAE | AK15: Curve | AL15: 32" | AM15: Good | AN15: PGT | AO15: IT | AP15: In used by User | AU15: TRUE | AV15: =_xlfn.IFNA(INDEX(tbl_handover[No. Handover],MATCH(tbl_computer[[#This Row],[No Asset]],tbl_handover[Asset Code],0)),"")
A16: =IF(tbl_computer[[#This Row],[No Asset]]<>"",SUBTOTAL(3,INDEX(tbl_computer[No Asset],1):tbl_computer[[#This Row],[No Asset]]),"") -> 0 | B16: =IF(OR(tbl_computer[[#This Row],[Purchase Date]]="",tbl_computer[[#This Row],[Categories]]=""),"", TEXT(tbl_computer[[#This Row],[Purchase Date]],"YYMM")& _xlfn.XLOOKUP(tbl_computer[[#This Row],[Categories]],CODEX!$Z:$Z,CODEX!$W:$W,"")& TEXT(_xlfn.XLOOKUP(tbl_computer[[#This Row],[Categories]],CODEX!$Z:$Z,CODEX!$Y:$Y,""),"00")& TEXT(COUNTIFS(INDEX(tbl_computer[Purchase Date],1):tbl_computer[[#This Row],[Purchase Date]],">="&DATE(YEAR(tbl_computer[[#This Row],[Purchase Date]]),MONTH(tbl_computer[[#This Row],[Purchase Date]]),1),INDEX(tbl_computer[Purchase Date],1):tbl_computer[[#This Row],[Purchase Date]],"<"&EDATE(DATE(YEAR(tbl_computer[[#This Row],[Purchase Date]]),MONTH(tbl_computer[[#This Row],[Purchase Date]]),1),1),INDEX(tbl_computer[Categories],1):tbl_computer[[#This Row],[Categories]],tbl_computer[[#This Row],[Categories]]),"000")) -> 2601101007 | C16: 46023 | D16: PO-001 | E16: Patimban | F16: Operations Room | G16: Computer | H16: PC | I16: Dell Pro Micro QCM1250 | J16: MFF PC | K16: G0N0JC4 | L16: DELL | M16: Pro Micro QCM1250 | O16: PBPCOP-SHIPPLANNER | P16: W 11 Pro | Q16: BFCWM-6NPQG-CJ4Y4-XVPJM-3GP2T | S16: N/A | T16: C0-A8-10-30-50-B6 | U16: FC-4C-EA-10-AB-9C | V16: INTEL | W16: i5-14500T | X16: Core(TM)i5-14500T (1.70 GHz) | Y16: Samsung | Z16: DDR5 | AA16: 5600 | AB16: 2 | AC16: Dual Chanel | AD16: 16 | AE16: UHD Graphics 770 | AF16: Y | AG16: KIOXIA | AH16: SSD-NVME | AI16: 512 | AJ16: Samsung Curved 32" S32D396GAE | AK16: Curve | AL16: 32" | AM16: Good | AN16: PGT | AO16: IT | AP16: In used by User | AU16: TRUE | AV16: =_xlfn.IFNA(INDEX(tbl_handover[No. Handover],MATCH(tbl_computer[[#This Row],[No Asset]],tbl_handover[Asset Code],0)),"")
A17: =IF(tbl_computer[[#This Row],[No Asset]]<>"",SUBTOTAL(3,INDEX(tbl_computer[No Asset],1):tbl_computer[[#This Row],[No Asset]]),"") -> 0 | B17: =IF(OR(tbl_computer[[#This Row],[Purchase Date]]="",tbl_computer[[#This Row],[Categories]]=""),"", TEXT(tbl_computer[[#This Row],[Purchase Date]],"YYMM")& _xlfn.XLOOKUP(tbl_computer[[#This Row],[Categories]],CODEX!$Z:$Z,CODEX!$W:$W,"")& TEXT(_xlfn.XLOOKUP(tbl_computer[[#This Row],[Categories]],CODEX!$Z:$Z,CODEX!$Y:$Y,""),"00")& TEXT(COUNTIFS(INDEX(tbl_computer[Purchase Date],1):tbl_computer[[#This Row],[Purchase Date]],">="&DATE(YEAR(tbl_computer[[#This Row],[Purchase Date]]),MONTH(tbl_computer[[#This Row],[Purchase Date]]),1),INDEX(tbl_computer[Purchase Date],1):tbl_computer[[#This Row],[Purchase Date]],"<"&EDATE(DATE(YEAR(tbl_computer[[#This Row],[Purchase Date]]),MONTH(tbl_computer[[#This Row],[Purchase Date]]),1),1),INDEX(tbl_computer[Categories],1):tbl_computer[[#This Row],[Categories]],tbl_computer[[#This Row],[Categories]]),"000")) -> 2601101008 | C17: 46023 | D17: PO-001 | E17: Patimban | F17: Loket Room | G17: Computer | H17: PC | I17: Dell Pro Micro QCM1250 | J17: MFF PC | K17: 70N0JCA | L17: DELL | M17: Pro Micro QCM1250 | O17: PBPCCO-LOCKETSTAFF | P17: W 11 Pro | Q17: T9NCH-M7RWZ-6YKJ2-66FKD-4GDW6 | R17: N/A | S17: 192.168.101.181 | T17: C0-A8-10-30-50-DE | U17: FC-4C-EA-10-F2-6C | V17: INTEL | W17: i5-14500T | X17: Core(TM)i5-14500T (1.70 GHz) | Y17: Samsung | Z17: DDR5 | AA17: 5600 | AB17: 2 | AC17: Dual Chanel | AD17: 16 | AE17: UHD Graphics 770 | AF17: Y | AG17: KIOXIA | AH17: SSD-NVME | AI17: 512 | AJ17: Samsung Curved 32" S32D396GAE | AK17: Curve | AL17: 32" | AM17: Good | AN17: PGT | AO17: IT | AP17: In used by User | AQ17: Used by locket staff | AU17: FALSE | AV17: =_xlfn.IFNA(INDEX(tbl_handover[No. Handover],MATCH(tbl_computer[[#This Row],[No Asset]],tbl_handover[Asset Code],0)),"")
A18: =IF(tbl_computer[[#This Row],[No Asset]]<>"",SUBTOTAL(3,INDEX(tbl_computer[No Asset],1):tbl_computer[[#This Row],[No Asset]]),"") -> 0 | B18: =IF(OR(tbl_computer[[#This Row],[Purchase Date]]="",tbl_computer[[#This Row],[Categories]]=""),"", TEXT(tbl_computer[[#This Row],[Purchase Date]],"YYMM")& _xlfn.XLOOKUP(tbl_computer[[#This Row],[Categories]],CODEX!$Z:$Z,CODEX!$W:$W,"")& TEXT(_xlfn.XLOOKUP(tbl_computer[[#This Row],[Categories]],CODEX!$Z:$Z,CODEX!$Y:$Y,""),"00")& TEXT(COUNTIFS(INDEX(tbl_computer[Purchase Date],1):tbl_computer[[#This Row],[Purchase Date]],">="&DATE(YEAR(tbl_computer[[#This Row],[Purchase Date]]),MONTH(tbl_computer[[#This Row],[Purchase Date]]),1),INDEX(tbl_computer[Purchase Date],1):tbl_computer[[#This Row],[Purchase Date]],"<"&EDATE(DATE(YEAR(tbl_computer[[#This Row],[Purchase Date]]),MONTH(tbl_computer[[#This Row],[Purchase Date]]),1),1),INDEX(tbl_computer[Categories],1):tbl_computer[[#This Row],[Categories]],tbl_computer[[#This Row],[Categories]]),"000")) -> 2601101009 | C18: 46023 | D18: PO-001 | E18: Patimban | F18: Engineer Room | G18: Computer | H18: AIO | I18: Axioo HYPE Flex X6 AIO | J18: AIO PC | K18: NPM23I34 | L18: AXIOO | M18: HYPE Flex X6 AIO | O18: Axioo HYPE Flex X6 | P18: W 11 Pro | R18: 192.168.100.13 | S18: N/A | T18: 9C:12:21:16:E2:86 | U18: 84-47-09-54-22-E3 | V18: AMD | W18: Ryzen 5 6600H | X18: Ryzen 5 6600H | Z18: DDR4 | AD18: 16 | AF18: Y | AG18: HIGHREAL | AH18: SSD-NVME | AI18: 512 | AM18: Service | AN18: PGT | AO18: IT | AP18: Idle | AU18: TRUE | AV18: =_xlfn.IFNA(INDEX(tbl_handover[No. Handover],MATCH(tbl_computer[[#This Row],[No Asset]],tbl_handover[Asset Code],0)),"")
A19: =IF(tbl_computer[[#This Row],[No Asset]]<>"",SUBTOTAL(3,INDEX(tbl_computer[No Asset],1):tbl_computer[[#This Row],[No Asset]]),"") -> 1 | B19: =IF(OR(tbl_computer[[#This Row],[Purchase Date]]="",tbl_computer[[#This Row],[Categories]]=""),"", TEXT(tbl_computer[[#This Row],[Purchase Date]],"YYMM")& _xlfn.XLOOKUP(tbl_computer[[#This Row],[Categories]],CODEX!$Z:$Z,CODEX!$W:$W,"")& TEXT(_xlfn.XLOOKUP(tbl_computer[[#This Row],[Categories]],CODEX!$Z:$Z,CODEX!$Y:$Y,""),"00")& TEXT(COUNTIFS(INDEX(tbl_computer[Purchase Date],1):tbl_computer[[#This Row],[Purchase Date]],">="&DATE(YEAR(tbl_computer[[#This Row],[Purchase Date]]),MONTH(tbl_computer[[#This Row],[Purchase Date]]),1),INDEX(tbl_computer[Purchase Date],1):tbl_computer[[#This Row],[Purchase Date]],"<"&EDATE(DATE(YEAR(tbl_computer[[#This Row],[Purchase Date]]),MONTH(tbl_computer[[#This Row],[Purchase Date]]),1),1),INDEX(tbl_computer[Categories],1):tbl_computer[[#This Row],[Categories]],tbl_computer[[#This Row],[Categories]]),"000")) -> 2601101010 | C19: 46023 | D19: PO-001 | E19: Patimban | F19: CY/Wharf Area | G19: Computer | H19: Handheld | I19: Samsung Galaxy Tab Active5 | J19: TABLET | K19: RRGYC03GBWD | L19: SAMSUNG | M19: Galaxy Tab Active5 | O19: PBTBOP-YOS2 | P19: Android | Q19: N/A | S19: N/A | T19: 08:10:93:5C:55:87 | U19: N/A | V19: SAMSUNG | W19: Exynos 1380 | X19: Chipset Samsung Exynos 1380, CPU octa-core | Y19: N/A | Z19: INTERNAL | AA19: N/A | AB19: N/A | AC19: N/A | AD19: 6 | AE19: N/A | AF19: N | AG19: N/A | AH19: N/A | AI19: 128 | AJ19: TFT LCD (1920 x 1200) - 120Hz | AK19: WUXGA | AL19: 8" | AM19: Good | AN19: PGT | AO19: IT | AP19: In used by User | AQ19: Include Anker Zolo charger (20w,PD 3.0); ex. Gate staff (PBTABGS-GATE IN); in used by YOS-2 | AU19: TRUE | AV19: =_xlfn.IFNA(INDEX(tbl_handover[No. Handover],MATCH(tbl_computer[[#This Row],[No Asset]],tbl_handover[Asset Code],0)),"")
A20: =IF(tbl_computer[[#This Row],[No Asset]]<>"",SUBTOTAL(3,INDEX(tbl_computer[No Asset],1):tbl_computer[[#This Row],[No Asset]]),"") -> 2 | B20: =IF(OR(tbl_computer[[#This Row],[Purchase Date]]="",tbl_computer[[#This Row],[Categories]]=""),"", TEXT(tbl_computer[[#This Row],[Purchase Date]],"YYMM")& _xlfn.XLOOKUP(tbl_computer[[#This Row],[Categories]],CODEX!$Z:$Z,CODEX!$W:$W,"")& TEXT(_xlfn.XLOOKUP(tbl_computer[[#This Row],[Categories]],CODEX!$Z:$Z,CODEX!$Y:$Y,""),"00")& TEXT(COUNTIFS(INDEX(tbl_computer[Purchase Date],1):tbl_computer[[#This Row],[Purchase Date]],">="&DATE(YEAR(tbl_computer[[#This Row],[Purchase Date]]),MONTH(tbl_computer[[#This Row],[Purchase Date]]),1),INDEX(tbl_computer[Purchase Date],1):tbl_computer[[#This Row],[Purchase Date]],"<"&EDATE(DATE(YEAR(tbl_computer[[#This Row],[Purchase Date]]),MONTH(tbl_computer[[#This Row],[Purchase Date]]),1),1),INDEX(tbl_computer[Categories],1):tbl_computer[[#This Row],[Categories]],tbl_computer[[#This Row],[Categories]]),"000")) -> 2601101011 | C20: 46023 | D20: PO-001 | E20: Patimban | F20: CY/Wharf Area | G20: Computer | H20: Handheld | I20: Samsung Galaxy Tab Active5 | J20: TABLET | K20: RRGYC03GCWT | L20: SAMSUNG | M20: Galaxy Tab Active5 | O20: PBTABWS-WOS-1 | P20: Android | Q20: N/A | S20: N/A | T20: 08:10:93:5C:55:C9 | U20: N/A | V20: SAMSUNG | W20: Exynos 1380 | X20: Chipset Samsung Exynos 1380, CPU octa-core | Y20: N/A | Z20: INTERNAL | AA20: N/A | AB20: N/A | AC20: N/A | AD20: 6 | AE20: N/A | AF20: N | AG20: N/A | AH20: N/A | AI20: 128 | AJ20: TFT LCD (1920 x 1200) - 120Hz | AK20: WUXGA | AL20: 8" | AM20: Good | AN20: PGT | AO20: IT | AP20: In used by User | AQ20: Include Anker Zolo charger (20w,PD 3.0) | AU20: FALSE | AV20: =_xlfn.IFNA(INDEX(tbl_handover[No. Handover],MATCH(tbl_computer[[#This Row],[No Asset]],tbl_handover[Asset Code],0)),"")
A21: =IF(tbl_computer[[#This Row],[No Asset]]<>"",SUBTOTAL(3,INDEX(tbl_computer[No Asset],1):tbl_computer[[#This Row],[No Asset]]),"") -> 3 | B21: =IF(OR(tbl_computer[[#This Row],[Purchase Date]]="",tbl_computer[[#This Row],[Categories]]=""),"", TEXT(tbl_computer[[#This Row],[Purchase Date]],"YYMM")& _xlfn.XLOOKUP(tbl_computer[[#This Row],[Categories]],CODEX!$Z:$Z,CODEX!$W:$W,"")& TEXT(_xlfn.XLOOKUP(tbl_computer[[#This Row],[Categories]],CODEX!$Z:$Z,CODEX!$Y:$Y,""),"00")& TEXT(COUNTIFS(INDEX(tbl_computer[Purchase Date],1):tbl_computer[[#This Row],[Purchase Date]],">="&DATE(YEAR(tbl_computer[[#This Row],[Purchase Date]]),MONTH(tbl_computer[[#This Row],[Purchase Date]]),1),INDEX(tbl_computer[Purchase Date],1):tbl_computer[[#This Row],[Purchase Date]],"<"&EDATE(DATE(YEAR(tbl_computer[[#This Row],[Purchase Date]]),MONTH(tbl_computer[[#This Row],[Purchase Date]]),1),1),INDEX(tbl_computer[Categories],1):tbl_computer[[#This Row],[Categories]],tbl_computer[[#This Row],[Categories]]),"000")) -> 2601101012 | C21: 46023 | D21: PO-001 | E21: Patimban | F21: CY/Wharf Area | G21: Computer | H21: Handheld | I21: Samsung Galaxy Tab Active5 | J21: TABLET | K21: RRGYC03GCWI | L21: SAMSUNG | M21: Galaxy Tab Active5 | O21: PBTABWS-WOS-1 | P21: Android | Q21: N/A | S21: N/A | U21: N/A | V21: SAMSUNG | W21: Exynos 1380 | X21: Chipset Samsung Exynos 1380, CPU octa-core | Y21: N/A | Z21: INTERNAL | AA21: N/A | AB21: N/A | AC21: N/A | AD21: 6 | AE21: N/A | AF21: N | AG21: N/A | AH21: N/A | AI21: 128 | AJ21: TFT LCD (1920 x 1200) - 120Hz | AK21: WUXGA | AL21: 8" | AM21: Good | AN21: PGT | AO21: IT | AP21: In used by User | AQ21: Include Anker Zolo charger (20w,PD 3.0) | AU21: FALSE | AV21: =_xlfn.IFNA(INDEX(tbl_handover[No. Handover],MATCH(tbl_computer[[#This Row],[No Asset]],tbl_handover[Asset Code],0)),"")
A22: =IF(tbl_computer[[#This Row],[No Asset]]<>"",SUBTOTAL(3,INDEX(tbl_computer[No Asset],1):tbl_computer[[#This Row],[No Asset]]),"") -> 4 | B22: =IF(OR(tbl_computer[[#This Row],[Purchase Date]]="",tbl_computer[[#This Row],[Categories]]=""),"", TEXT(tbl_computer[[#This Row],[Purchase Date]],"YYMM")& _xlfn.XLOOKUP(tbl_computer[[#This Row],[Categories]],CODEX!$Z:$Z,CODEX!$W:$W,"")& TEXT(_xlfn.XLOOKUP(tbl_computer[[#This Row],[Categories]],CODEX!$Z:$Z,CODEX!$Y:$Y,""),"00")& TEXT(COUNTIFS(INDEX(tbl_computer[Purchase Date],1):tbl_computer[[#This Row],[Purchase Date]],">="&DATE(YEAR(tbl_computer[[#This Row],[Purchase Date]]),MONTH(tbl_computer[[#This Row],[Purchase Date]]),1),INDEX(tbl_computer[Purchase Date],1):tbl_computer[[#This Row],[Purchase Date]],"<"&EDATE(DATE(YEAR(tbl_computer[[#This Row],[Purchase Date]]),MONTH(tbl_computer[[#This Row],[Purchase Date]]),1),1),INDEX(tbl_computer[Categories],1):tbl_computer[[#This Row],[Categories]],tbl_computer[[#This Row],[Categories]]),"000")) -> 2601101013 | C22: 46023 | D22: PO-001 | E22: Patimban | F22: CY/Wharf Area | G22: Computer | H22: Handheld | I22: Samsung Galaxy Tab Active5 Pro | J22: TABLET | K22: RRGYC03GCWU | L22: SAMSUNG | M22: Galaxy Tab Active5 Pro | O22: PBTABEH-ECH101 | P22: Android | Q22: N/A | S22: N/A | U22: N/A | V22: QUALCOMM | W22: Snapdragon 7s Gen 3 | X22: Qualcomm Snapdragon 7s Gen 3 (4nm) | Y22: N/A | Z22: INTERNAL | AA22: N/A | AB22: N/A | AC22: N/A | AD22: 8 | AE22: N/A | AF22: N | AG22: N/A | AH22: N/A | AI22: 256 | AJ22: TFT LCD (1920 x 1200) - 120Hz | AK22: WUXGA | AL22: 10" | AM22: Good | AN22: PGT | AO22: IT | AP22: In used by User | AQ22: Include UGREEN USB to type C 3 Meter | AU22: TRUE | AV22: =_xlfn.IFNA(INDEX(tbl_handover[No. Handover],MATCH(tbl_computer[[#This Row],[No Asset]],tbl_handover[Asset Code],0)),"")
A23: =IF(tbl_computer[[#This Row],[No Asset]]<>"",SUBTOTAL(3,INDEX(tbl_computer[No Asset],1):tbl_computer[[#This Row],[No Asset]]),"") -> 5 | B23: =IF(OR(tbl_computer[[#This Row],[Purchase Date]]="",tbl_computer[[#This Row],[Categories]]=""),"", TEXT(tbl_computer[[#This Row],[Purchase Date]],"YYMM")& _xlfn.XLOOKUP(tbl_computer[[#This Row],[Categories]],CODEX!$Z:$Z,CODEX!$W:$W,"")& TEXT(_xlfn.XLOOKUP(tbl_computer[[#This Row],[Categories]],CODEX!$Z:$Z,CODEX!$Y:$Y,""),"00")& TEXT(COUNTIFS(INDEX(tbl_computer[Purchase Date],1):tbl_computer[[#This Row],[Purchase Date]],">="&DATE(YEAR(tbl_computer[[#This Row],[Purchase Date]]),MONTH(tbl_computer[[#This Row],[Purchase Date]]),1),INDEX(tbl_computer[Purchase Date],1):tbl_computer[[#This Row],[Purchase Date]],"<"&EDATE(DATE(YEAR(tbl_computer[[#This Row],[Purchase Date]]),MONTH(tbl_computer[[#This Row],[Purchase Date]]),1),1),INDEX(tbl_computer[Categories],1):tbl_computer[[#This Row],[Categories]],tbl_computer[[#This Row],[Categories]]),"000")) -> 2601101014 | C23: 46023 | D23: PO-001 | E23: Patimban | F23: CY/Wharf Area | G23: Computer | H23: Handheld | I23: Samsung Galaxy Tab Active5 Pro | J23: TABLET | K23: RRGYC09N6MN | L23: SAMSUNG | M23: Galaxy Tab Active5 Pro | O23: PBTABRS-RS101 | P23: Android | Q23: N/A | S23: N/A | U23: N/A | V23: QUALCOMM | W23: Snapdragon 7s Gen 3 | X23: Qualcomm Snapdragon 7s Gen 3 (4nm) | Y23: N/A | Z23: INTERNAL | AA23: N/A | AB23: N/A | AC23: N/A | AD23: 8 | AE23: N/A | AF23: N | AG23: N/A | AH23: N/A | AI23: 256 | AJ23: TFT LCD (1920 x 1200) - 120Hz | AK23: WUXGA | AL23: 10" | AM23: Good | AN23: PGT | AO23: IT | AP23: In used by User | AQ23: Include UGREEN USB to type C 3 Meter | AU23: FALSE | AV23: =_xlfn.IFNA(INDEX(tbl_handover[No. Handover],MATCH(tbl_computer[[#This Row],[No Asset]],tbl_handover[Asset Code],0)),"")
A24: =IF(tbl_computer[[#This Row],[No Asset]]<>"",SUBTOTAL(3,INDEX(tbl_computer[No Asset],1):tbl_computer[[#This Row],[No Asset]]),"") -> 6 | B24: =IF(OR(tbl_computer[[#This Row],[Purchase Date]]="",tbl_computer[[#This Row],[Categories]]=""),"", TEXT(tbl_computer[[#This Row],[Purchase Date]],"YYMM")& _xlfn.XLOOKUP(tbl_computer[[#This Row],[Categories]],CODEX!$Z:$Z,CODEX!$W:$W,"")& TEXT(_xlfn.XLOOKUP(tbl_computer[[#This Row],[Categories]],CODEX!$Z:$Z,CODEX!$Y:$Y,""),"00")& TEXT(COUNTIFS(INDEX(tbl_computer[Purchase Date],1):tbl_computer[[#This Row],[Purchase Date]],">="&DATE(YEAR(tbl_computer[[#This Row],[Purchase Date]]),MONTH(tbl_computer[[#This Row],[Purchase Date]]),1),INDEX(tbl_computer[Purchase Date],1):tbl_computer[[#This Row],[Purchase Date]],"<"&EDATE(DATE(YEAR(tbl_computer[[#This Row],[Purchase Date]]),MONTH(tbl_computer[[#This Row],[Purchase Date]]),1),1),INDEX(tbl_computer[Categories],1):tbl_computer[[#This Row],[Categories]],tbl_computer[[#This Row],[Categories]]),"000")) -> 2601101015 | C24: 46023 | D24: PO-001 | E24: Patimban | F24: CY/Wharf Area | G24: Computer | H24: Handheld | I24: Samsung Galaxy Tab Active5 Pro | J24: TABLET | K24: RRGYC09N70E | L24: SAMSUNG | M24: Galaxy Tab Active5 Pro | O24: PBTABRS-RS102 | P24: Android | Q24: N/A | R24: 10.90.70.2 | S24: N/A | T24: 08-10-93-69-E9-DD | U24: N/A | V24: QUALCOMM | W24: Snapdragon 7s Gen 3 | X24: Qualcomm Snapdragon 7s Gen 3 (4nm) | Y24: N/A | Z24: INTERNAL | AA24: N/A | AB24: N/A | AC24: N/A | AD24: 8 | AE24: N/A | AF24: N | AG24: N/A | AH24: N/A | AI24: 256 | AJ24: TFT LCD (1920 x 1200) - 120Hz | AK24: WUXGA | AL24: 10" | AM24: Good | AN24: PGT | AO24: IT | AP24: In used by User | AQ24: Include UGREEN USB to type C 3 Meter | AU24: TRUE | AV24: =_xlfn.IFNA(INDEX(tbl_handover[No. Handover],MATCH(tbl_computer[[#This Row],[No Asset]],tbl_handover[Asset Code],0)),"")
A25: =IF(tbl_computer[[#This Row],[No Asset]]<>"",SUBTOTAL(3,INDEX(tbl_computer[No Asset],1):tbl_computer[[#This Row],[No Asset]]),"") -> 7 | B25: =IF(OR(tbl_computer[[#This Row],[Purchase Date]]="",tbl_computer[[#This Row],[Categories]]=""),"", TEXT(tbl_computer[[#This Row],[Purchase Date]],"YYMM")& _xlfn.XLOOKUP(tbl_computer[[#This Row],[Categories]],CODEX!$Z:$Z,CODEX!$W:$W,"")& TEXT(_xlfn.XLOOKUP(tbl_computer[[#This Row],[Categories]],CODEX!$Z:$Z,CODEX!$Y:$Y,""),"00")& TEXT(COUNTIFS(INDEX(tbl_computer[Purchase Date],1):tbl_computer[[#This Row],[Purchase Date]],">="&DATE(YEAR(tbl_computer[[#This Row],[Purchase Date]]),MONTH(tbl_computer[[#This Row],[Purchase Date]]),1),INDEX(tbl_computer[Purchase Date],1):tbl_computer[[#This Row],[Purchase Date]],"<"&EDATE(DATE(YEAR(tbl_computer[[#This Row],[Purchase Date]]),MONTH(tbl_computer[[#This Row],[Purchase Date]]),1),1),INDEX(tbl_computer[Categories],1):tbl_computer[[#This Row],[Categories]],tbl_computer[[#This Row],[Categories]]),"000")) -> 2601101016 | C25: 46023 | D25: PO-001 | E25: Patimban | F25: CY/Wharf Area | G25: Computer | H25: Handheld | I25: Samsung Galaxy Tab Active5 | J25: TABLET | K25: RRGYC03GCZD | L25: SAMSUNG | M25: Galaxy Tab Active5 | O25: PBTABGS-GATE OUT STAFF | P25: Android | Q25: N/A | S25: N/A | U25: N/A | V25: SAMSUNG | W25: Exynos 1380 | X25: Chipset Samsung Exynos 1380, CPU octa-core | Y25: N/A | Z25: INTERNAL | AA25: N/A | AB25: N/A | AC25: N/A | AD25: 6 | AE25: N/A | AF25: N | AG25: N/A | AH25: N/A | AI25: 128 | AJ25: TFT LCD (1920 x 1200) - 120Hz | AK25: WUXGA | AL25: 8" | AM25: Good | AN25: PGT | AO25: IT | AP25: In used by User | AQ25: Include Anker Zolo charger (20w,PD 3.0); ex. Gate staff (PBTABGS-GATE OUT STAFF); in used by ECH-102 operators | AU25: FALSE | AV25: =_xlfn.IFNA(INDEX(tbl_handover[No. Handover],MATCH(tbl_computer[[#This Row],[No Asset]],tbl_handover[Asset Code],0)),"")
A26: =IF(tbl_computer[[#This Row],[No Asset]]<>"",SUBTOTAL(3,INDEX(tbl_computer[No Asset],1):tbl_computer[[#This Row],[No Asset]]),"") -> 7 | B26: =IF(OR(tbl_computer[[#This Row],[Purchase Date]]="",tbl_computer[[#This Row],[Categories]]=""),"", TEXT(tbl_computer[[#This Row],[Purchase Date]],"YYMM")& _xlfn.XLOOKUP(tbl_computer[[#This Row],[Categories]],CODEX!$Z:$Z,CODEX!$W:$W,"")& TEXT(_xlfn.XLOOKUP(tbl_computer[[#This Row],[Categories]],CODEX!$Z:$Z,CODEX!$Y:$Y,""),"00")& TEXT(COUNTIFS(INDEX(tbl_computer[Purchase Date],1):tbl_computer[[#This Row],[Purchase Date]],">="&DATE(YEAR(tbl_computer[[#This Row],[Purchase Date]]),MONTH(tbl_computer[[#This Row],[Purchase Date]]),1),INDEX(tbl_computer[Purchase Date],1):tbl_computer[[#This Row],[Purchase Date]],"<"&EDATE(DATE(YEAR(tbl_computer[[#This Row],[Purchase Date]]),MONTH(tbl_computer[[#This Row],[Purchase Date]]),1),1),INDEX(tbl_computer[Categories],1):tbl_computer[[#This Row],[Categories]],tbl_computer[[#This Row],[Categories]]),"000")) -> 2601101017 | C26: 46023 | D26: PO-001 | E26: Patimban | F26: Equipment Room | G26: Computer | H26: Notebook | I26: Dell Pro 14 PC14250 | J26: NOTEBOOK | K26: BDVNND4 | L26: DELL | M26: Pro 14 PC14250 | O26: PBNBEQ-DIAN | P26: W 11 Pro | Q26: TM2FM-MQNJY-PGV4W-PYFM2-XTP2T | R26: 192.168.100.248 | S26: N/A | T26: E8-BF-E1-DC-7E-18 | U26: 84-5C-31-81-8F-DA | V26: INTEL | W26: Ultra 5 235U | X26: Intel(R) Core(TM) Ultra 5 235U (2.00 GHz) | Y26: Samsung | Z26: DDR5 | AA26: 5600 | AB26: 2 | AC26: Singgle Chanel | AD26: 16 | AE26: Intel ARC Graphics | AF26: Y | AG26: SAMSUNG | AH26: SSD-NVME | AI26: 512 | AL26: 11" | AM26: Good | AN26: PGT | AO26: IT | AP26: In used by User | AQ26: ex. PBNBIT-ITSTAFF | AU26: TRUE | AV26: =_xlfn.IFNA(INDEX(tbl_handover[No. Handover],MATCH(tbl_computer[[#This Row],[No Asset]],tbl_handover[Asset Code],0)),"") -> SR.26.09.0016/IX/2026/PGT/IT/INT
A27: =IF(tbl_computer[[#This Row],[No Asset]]<>"",SUBTOTAL(3,INDEX(tbl_computer[No Asset],1):tbl_computer[[#This Row],[No Asset]]),"") -> 7 | B27: =IF(OR(tbl_computer[[#This Row],[Purchase Date]]="",tbl_computer[[#This Row],[Categories]]=""),"", TEXT(tbl_computer[[#This Row],[Purchase Date]],"YYMM")& _xlfn.XLOOKUP(tbl_computer[[#This Row],[Categories]],CODEX!$Z:$Z,CODEX!$W:$W,"")& TEXT(_xlfn.XLOOKUP(tbl_computer[[#This Row],[Categories]],CODEX!$Z:$Z,CODEX!$Y:$Y,""),"00")& TEXT(COUNTIFS(INDEX(tbl_computer[Purchase Date],1):tbl_computer[[#This Row],[Purchase Date]],">="&DATE(YEAR(tbl_computer[[#This Row],[Purchase Date]]),MONTH(tbl_computer[[#This Row],[Purchase Date]]),1),INDEX(tbl_computer[Purchase Date],1):tbl_computer[[#This Row],[Purchase Date]],"<"&EDATE(DATE(YEAR(tbl_computer[[#This Row],[Purchase Date]]),MONTH(tbl_computer[[#This Row],[Purchase Date]]),1),1),INDEX(tbl_computer[Categories],1):tbl_computer[[#This Row],[Categories]],tbl_computer[[#This Row],[Categories]]),"000")) -> 2601101018 | C27: 46023 | D27: PO-001 | E27: Patimban | F27: AGL Office | G27: Computer | H27: Notebook | I27: Lenovo ThinkPad E14 Gen7 | J27: NOTEBOOK | K27: PF6LXC2 | L27: LENOVO | M27: Lenovo ThinkPad E14 Gen7 | O27: AGL | P27: W 11 Pro | Q27: TM3GM-WQNJY-GGIO4-PYFM2-XPP2G | S27: N/A | T27: F4-4E-B4-60-68-BF | U27: D4-A2-CD-F0-91-C2 | V27: INTEL | AD27: 16 | AF27: Y | AH27: SSD-NVME | AI27: 512 | AM27: Good | AN27: PGT | AO27: IT | AP27: Lent out | AQ27: Lent out to AGL staff (include Miniso mouse & laptop bag); Ex. Hangga | AU27: TRUE | AV27: =_xlfn.IFNA(INDEX(tbl_handover[No. Handover],MATCH(tbl_computer[[#This Row],[No Asset]],tbl_handover[Asset Code],0)),"")
A28: =IF(tbl_computer[[#This Row],[No Asset]]<>"",SUBTOTAL(3,INDEX(tbl_computer[No Asset],1):tbl_computer[[#This Row],[No Asset]]),"") -> 7 | B28: =IF(OR(tbl_computer[[#This Row],[Purchase Date]]="",tbl_computer[[#This Row],[Categories]]=""),"", TEXT(tbl_computer[[#This Row],[Purchase Date]],"YYMM")& _xlfn.XLOOKUP(tbl_computer[[#This Row],[Categories]],CODEX!$Z:$Z,CODEX!$W:$W,"")& TEXT(_xlfn.XLOOKUP(tbl_computer[[#This Row],[Categories]],CODEX!$Z:$Z,CODEX!$Y:$Y,""),"00")& TEXT(COUNTIFS(INDEX(tbl_computer[Purchase Date],1):tbl_computer[[#This Row],[Purchase Date]],">="&DATE(YEAR(tbl_computer[[#This Row],[Purchase Date]]),MONTH(tbl_computer[[#This Row],[Purchase Date]]),1),INDEX(tbl_computer[Purchase Date],1):tbl_computer[[#This Row],[Purchase Date]],"<"&EDATE(DATE(YEAR(tbl_computer[[#This Row],[Purchase Date]]),MONTH(tbl_computer[[#This Row],[Purchase Date]]),1),1),INDEX(tbl_computer[Categories],1):tbl_computer[[#This Row],[Categories]],tbl_computer[[#This Row],[Categories]]),"000")) -> 2601101019 | C28: 46023 | D28: PO-001 | E28: Patimban | F28: Gate Office | G28: Computer | H28: PC | I28: Dell Pro Micro QCM1250 | J28: MFF PC | K28: 60N0JC4 | L28: DELL | M28: Pro Micro QCM1250 | O28: PBPCOP-GATEIN | P28: W 11 Pro | Q28: BP6NY-H3KT4-H42QH-4WJ8C-D6986 | R28: N/A | S28: 192.168.101.182 | T28: C0-A8-10-30-8F-BD | U28: FC-4C-EA-10-F3-45 | V28: INTEL | W28: i5-14500T | X28: Core(TM)i5-14500T (1.70 GHz) | Y28: Samsung | Z28: DDR5 | AA28: 5600 | AB28: 2 | AC28: Dual Chanel | AD28: 16 | AE28: UHD Graphics 770 | AF28: Y | AG28: KIOXIA | AH28: SSD-NVME | AI28: 512 | AJ28: Samsung Curved 32" S32D396GAE | AK28: Curve | AL28: 32" | AM28: Good | AN28: PGT | AO28: IT | AP28: In used by User | AQ28: Used by gate staff | AU28: FALSE | AV28: =_xlfn.IFNA(INDEX(tbl_handover[No. Handover],MATCH(tbl_computer[[#This Row],[No Asset]],tbl_handover[Asset Code],0)),"")
A29: =IF(tbl_computer[[#This Row],[No Asset]]<>"",SUBTOTAL(3,INDEX(tbl_computer[No Asset],1):tbl_computer[[#This Row],[No Asset]]),"") -> 7 | B29: =IF(OR(tbl_computer[[#This Row],[Purchase Date]]="",tbl_computer[[#This Row],[Categories]]=""),"", TEXT(tbl_computer[[#This Row],[Purchase Date]],"YYMM")& _xlfn.XLOOKUP(tbl_computer[[#This Row],[Categories]],CODEX!$Z:$Z,CODEX!$W:$W,"")& TEXT(_xlfn.XLOOKUP(tbl_computer[[#This Row],[Categories]],CODEX!$Z:$Z,CODEX!$Y:$Y,""),"00")& TEXT(COUNTIFS(INDEX(tbl_computer[Purchase Date],1):tbl_computer[[#This Row],[Purchase Date]],">="&DATE(YEAR(tbl_computer[[#This Row],[Purchase Date]]),MONTH(tbl_computer[[#This Row],[Purchase Date]]),1),INDEX(tbl_computer[Purchase Date],1):tbl_computer[[#This Row],[Purchase Date]],"<"&EDATE(DATE(YEAR(tbl_computer[[#This Row],[Purchase Date]]),MONTH(tbl_computer[[#This Row],[Purchase Date]]),1),1),INDEX(tbl_computer[Categories],1):tbl_computer[[#This Row],[Categories]],tbl_computer[[#This Row],[Categories]]),"000")) -> 2601101020 | C29: 46023 | D29: PO-001 | E29: Patimban | F29: HSE Room | G29: Computer | H29: Notebook | I29: Dell Pro 14 PC14250 | J29: NOTEBOOK | K29: D8DJ6J4 | L29: DELL | M29: Pro 14 PC14250 | O29: PBNBIS-BAHTIAR | P29: W 11 Pro | Q29: HYN27-92RFV-4G4KM-4MDQ2-GQ8GG | S29: N/A | T29: 3C-EF-A5-F6-F7-F5 | U29: 94-10-5A-5B-7A-8B | V29: INTEL | W29: Ultra 5 225U | X29: Intel(R) Core(TM) Ultra 5 225U (1.50 GHz) | AD29: 32 | AE29: Intel ARC Graphics | AF29: Y | AH29: SSD-NVME | AI29: 512 | AL29: 11" | AM29: Good | AN29: PGT | AO29: IT | AP29: In used by User | AQ29: Used by Bahtiar | AU29: TRUE | AV29: =_xlfn.IFNA(INDEX(tbl_handover[No. Handover],MATCH(tbl_computer[[#This Row],[No Asset]],tbl_handover[Asset Code],0)),"")
A30: =IF(tbl_computer[[#This Row],[No Asset]]<>"",SUBTOTAL(3,INDEX(tbl_computer[No Asset],1):tbl_computer[[#This Row],[No Asset]]),"") -> 7 | B30: =IF(OR(tbl_computer[[#This Row],[Purchase Date]]="",tbl_computer[[#This Row],[Categories]]=""),"", TEXT(tbl_computer[[#This Row],[Purchase Date]],"YYMM")& _xlfn.XLOOKUP(tbl_computer[[#This Row],[Categories]],CODEX!$Z:$Z,CODEX!$W:$W,"")& TEXT(_xlfn.XLOOKUP(tbl_computer[[#This Row],[Categories]],CODEX!$Z:$Z,CODEX!$Y:$Y,""),"00")& TEXT(COUNTIFS(INDEX(tbl_computer[Purchase Date],1):tbl_computer[[#This Row],[Purchase Date]],">="&DATE(YEAR(tbl_computer[[#This Row],[Purchase Date]]),MONTH(tbl_computer[[#This Row],[Purchase Date]]),1),INDEX(tbl_computer[Purchase Date],1):tbl_computer[[#This Row],[Purchase Date]],"<"&EDATE(DATE(YEAR(tbl_computer[[#This Row],[Purchase Date]]),MONTH(tbl_computer[[#This Row],[Purchase Date]]),1),1),INDEX(tbl_computer[Categories],1):tbl_computer[[#This Row],[Categories]],tbl_computer[[#This Row],[Categories]]),"000")) -> 2601101021 | C30: 46023 | D30: PO-001 | E30: Patimban | F30: Equipment Room | G30: Computer | H30: Notebook | I30: Dell Latitude 3450 | J30: NOTEBOOK | K30: 9MHWB94 | L30: DELL | M30: Latitude 3450 | O30: PBNBEQ-SUPARNO | P30: W 11 Pro | Q30: 6HNPJ-8H7MP-47GP7-HFMG2-JB6PT | S30: N/A | T30: 28-95-29-41-CA-26 | U30: C4-D6-D3-81-63-B7 | V30: INTEL | W30: i7-1355U | X30: 13th Gen Intel(R) Core(TM) i7-1355U (1.70 GHz) | AD30: 16 | AE30: Intel ARC Graphics | AF30: Y | AH30: SSD-NVME | AI30: 512 | AL30: 11" | AM30: Good | AN30: PGT | AO30: IT | AP30: In used by User | AQ30: Used by Suparno | AU30: FALSE | AV30: =_xlfn.IFNA(INDEX(tbl_handover[No. Handover],MATCH(tbl_computer[[#This Row],[No Asset]],tbl_handover[Asset Code],0)),"")
A31: =IF(tbl_computer[[#This Row],[No Asset]]<>"",SUBTOTAL(3,INDEX(tbl_computer[No Asset],1):tbl_computer[[#This Row],[No Asset]]),"") -> 7 | B31: =IF(OR(tbl_computer[[#This Row],[Purchase Date]]="",tbl_computer[[#This Row],[Categories]]=""),"", TEXT(tbl_computer[[#This Row],[Purchase Date]],"YYMM")& _xlfn.XLOOKUP(tbl_computer[[#This Row],[Categories]],CODEX!$Z:$Z,CODEX!$W:$W,"")& TEXT(_xlfn.XLOOKUP(tbl_computer[[#This Row],[Categories]],CODEX!$Z:$Z,CODEX!$Y:$Y,""),"00")& TEXT(COUNTIFS(INDEX(tbl_computer[Purchase Date],1):tbl_computer[[#This Row],[Purchase Date]],">="&DATE(YEAR(tbl_computer[[#This Row],[Purchase Date]]),MONTH(tbl_computer[[#This Row],[Purchase Date]]),1),INDEX(tbl_computer[Purchase Date],1):tbl_computer[[#This Row],[Purchase Date]],"<"&EDATE(DATE(YEAR(tbl_computer[[#This Row],[Purchase Date]]),MONTH(tbl_computer[[#This Row],[Purchase Date]]),1),1),INDEX(tbl_computer[Categories],1):tbl_computer[[#This Row],[Categories]],tbl_computer[[#This Row],[Categories]]),"000")) -> 2601101022 | C31: 46023 | D31: PO-001 | E31: Patimban | F31: Engineer Room | G31: Computer | H31: Notebook | I31: Dell Latitude 5450 | J31: NOTEBOOK | K31: J9BLPB4 | L31: DELL | M31: Latitude 5450 | O31: PBNBIT-ITSTAFF | P31: W 11 Pro | Q31: PNKPT-WGD79-2DR6G-KXTTH-X77J6 | S31: N/A | T31: C4-0F-08-73-C0-94 | U31: C0-47-0E-47-7C-44 | V31: INTEL | W31: Ultra 5 135H | X31: Intel(R) Core(TM) Ultra 5 135H 1.70 GHz | AD31: 16 | AE31: Intel ARC Graphics | AF31: Y | AH31: SSD-NVME | AI31: 512 | AL31: 11" | AM31: Good | AN31: PSI | AO31: IT | AP31: In used by User | AQ31: Used by IT Staff; Ex. Dedy Saputra | AU31: TRUE | AV31: =_xlfn.IFNA(INDEX(tbl_handover[No. Handover],MATCH(tbl_computer[[#This Row],[No Asset]],tbl_handover[Asset Code],0)),"")
A32: =IF(tbl_computer[[#This Row],[No Asset]]<>"",SUBTOTAL(3,INDEX(tbl_computer[No Asset],1):tbl_computer[[#This Row],[No Asset]]),"") -> 7 | B32: =IF(OR(tbl_computer[[#This Row],[Purchase Date]]="",tbl_computer[[#This Row],[Categories]]=""),"", TEXT(tbl_computer[[#This Row],[Purchase Date]],"YYMM")& _xlfn.XLOOKUP(tbl_computer[[#This Row],[Categories]],CODEX!$Z:$Z,CODEX!$W:$W,"")& TEXT(_xlfn.XLOOKUP(tbl_computer[[#This Row],[Categories]],CODEX!$Z:$Z,CODEX!$Y:$Y,""),"00")& TEXT(COUNTIFS(INDEX(tbl_computer[Purchase Date],1):tbl_computer[[#This Row],[Purchase Date]],">="&DATE(YEAR(tbl_computer[[#This Row],[Purchase Date]]),MONTH(tbl_computer[[#This Row],[Purchase Date]]),1),INDEX(tbl_computer[Purchase Date],1):tbl_computer[[#This Row],[Purchase Date]],"<"&EDATE(DATE(YEAR(tbl_computer[[#This Row],[Purchase Date]]),MONTH(tbl_computer[[#This Row],[Purchase Date]]),1),1),INDEX(tbl_computer[Categories],1):tbl_computer[[#This Row],[Categories]],tbl_computer[[#This Row],[Categories]]),"000")) -> 2601101023 | C32: 46023 | D32: PO-001 | E32: Patimban | F32: Customs Gate-In | G32: Computer | H32: PC | I32: HP Pro Mini PC 400 G9 | J32: MFF PC | K32: 8CC6090X4Z | L32: HP | M32: Pro Mini PC 400 G9 | O32: PBPCHS-GATEIN | P32: W 11 Pro | S32: N/A | T32: EC-3A-56-78-1A-A6 | U32: B4-E2-5B-77-5C-9C | V32: INTEL | W32: i7-14700T | X32: Intel(R) Core(TM) i7-14700T (1.30 GHz) | AD32: 16 | AE32: UHD Graphics 770 | AF32: Y | AH32: SSD-NVME | AI32: 1024 | AL32: 27" | AM32: Lost | AN32: PGT | AO32: IT | AP32: Idle | AQ32: Lost mini-PC in Customs Gate-In | AU32: FALSE | AV32: =_xlfn.IFNA(INDEX(tbl_handover[No. Handover],MATCH(tbl_computer[[#This Row],[No Asset]],tbl_handover[Asset Code],0)),"")
A33: =IF(tbl_computer[[#This Row],[No Asset]]<>"",SUBTOTAL(3,INDEX(tbl_computer[No Asset],1):tbl_computer[[#This Row],[No Asset]]),"") -> 7 | B33: =IF(OR(tbl_computer[[#This Row],[Purchase Date]]="",tbl_computer[[#This Row],[Categories]]=""),"", TEXT(tbl_computer[[#This Row],[Purchase Date]],"YYMM")& _xlfn.XLOOKUP(tbl_computer[[#This Row],[Categories]],CODEX!$Z:$Z,CODEX!$W:$W,"")& TEXT(_xlfn.XLOOKUP(tbl_computer[[#This Row],[Categories]],CODEX!$Z:$Z,CODEX!$Y:$Y,""),"00")& TEXT(COUNTIFS(INDEX(tbl_computer[Purchase Date],1):tbl_computer[[#This Row],[Purchase Date]],">="&DATE(YEAR(tbl_computer[[#This Row],[Purchase Date]]),MONTH(tbl_computer[[#This Row],[Purchase Date]]),1),INDEX(tbl_computer[Purchase Date],1):tbl_computer[[#This Row],[Purchase Date]],"<"&EDATE(DATE(YEAR(tbl_computer[[#This Row],[Purchase Date]]),MONTH(tbl_computer[[#This Row],[Purchase Date]]),1),1),INDEX(tbl_computer[Categories],1):tbl_computer[[#This Row],[Categories]],tbl_computer[[#This Row],[Categories]]),"000")) -> 2601101024 | C33: 46023 | D33: PO-001 | E33: Patimban | F33: Engineer Room | G33: Computer | H33: PC | I33: HP Pro Mini PC 400 G9 | J33: MFF PC | K33: 8CC6090X52 | L33: HP | M33: Pro Mini PC 400 G9 | O33: PBPCIT-SPARE | P33: W 11 Pro | Q33: KBPJ3-NQXCH-98TJR-VFC3Q-63B6G | R33: 10.90.10.18 | S33: N/A | T33: EC-3A-56-78-1B-F0 | U33: 00-09-0F-FE-00-01 | V33: INTEL | W33: i7-14700T | X33: Intel(R) Core(TM) i7-14700T (1.30 GHz) | AD33: 16 | AE33: UHD Graphics 770 | AF33: Y | AH33: SSD-NVME | AI33: 1024 | AL33: 27" | AM33: Good | AN33: PGT | AO33: IT | AP33: In used by User | AQ33: Exchange from PBPCHS-GATEOUT; Used by IT Staff | AU33: TRUE | AV33: =_xlfn.IFNA(INDEX(tbl_handover[No. Handover],MATCH(tbl_computer[[#This Row],[No Asset]],tbl_handover[Asset Code],0)),"")
A34: =IF(tbl_computer[[#This Row],[No Asset]]<>"",SUBTOTAL(3,INDEX(tbl_computer[No Asset],1):tbl_computer[[#This Row],[No Asset]]),"") -> 7 | B34: =IF(OR(tbl_computer[[#This Row],[Purchase Date]]="",tbl_computer[[#This Row],[Categories]]=""),"", TEXT(tbl_computer[[#This Row],[Purchase Date]],"YYMM")& _xlfn.XLOOKUP(tbl_computer[[#This Row],[Categories]],CODEX!$Z:$Z,CODEX!$W:$W,"")& TEXT(_xlfn.XLOOKUP(tbl_computer[[#This Row],[Categories]],CODEX!$Z:$Z,CODEX!$Y:$Y,""),"00")& TEXT(COUNTIFS(INDEX(tbl_computer[Purchase Date],1):tbl_computer[[#This Row],[Purchase Date]],">="&DATE(YEAR(tbl_computer[[#This Row],[Purchase Date]]),MONTH(tbl_computer[[#This Row],[Purchase Date]]),1),INDEX(tbl_computer[Purchase Date],1):tbl_computer[[#This Row],[Purchase Date]],"<"&EDATE(DATE(YEAR(tbl_computer[[#This Row],[Purchase Date]]),MONTH(tbl_computer[[#This Row],[Purchase Date]]),1),1),INDEX(tbl_computer[Categories],1):tbl_computer[[#This Row],[Categories]],tbl_computer[[#This Row],[Categories]]),"000")) -> 2601101025 | C34: 46023 | D34: PO-001 | E34: Patimban | F34: Security Pos 1 | G34: Computer | H34: PC | I34: Mini PC Dell Pro Micro QCM1250 | J34: MFF PC | K34: BMYZHC4 | L34: DELL | M34: Pro Micro QCM1250 | O34: PBPCHS-SECURITY | P34: W 11 Pro | Q34: JBGNK-4DJG6-MR49Y-44PPC-FX9CT | R34: N/A | S34: 192.168.8.33 | T34: C0-A8-10-21-0D-27 | U34: FC-4C-EA-11-2B-52 | V34: INTEL | W34: i5-14500T | X34: Core(TM)i5-14500T (1.70 GHz) | Y34: Samsung | Z34: DDR5 | AA34: 5600 | AB34: 2 | AC34: Dual Chanel | AD34: 16 | AF34: Y | AG34: KIOXIA | AH34: SSD-NVME | AI34: 512 | AJ34: N/A | AK34: N/A | AL34: N/A | AM34: Good | AN34: PGT | AO34: IT | AP34: In used by User | AU34: TRUE | AV34: =_xlfn.IFNA(INDEX(tbl_handover[No. Handover],MATCH(tbl_computer[[#This Row],[No Asset]],tbl_handover[Asset Code],0)),"") -> SR.26.09.0011/IX/2026/PGT/IT/INT
A35: =IF(tbl_computer[[#This Row],[No Asset]]<>"",SUBTOTAL(3,INDEX(tbl_computer[No Asset],1):tbl_computer[[#This Row],[No Asset]]),"") -> 7 | B35: =IF(OR(tbl_computer[[#This Row],[Purchase Date]]="",tbl_computer[[#This Row],[Categories]]=""),"", TEXT(tbl_computer[[#This Row],[Purchase Date]],"YYMM")& _xlfn.XLOOKUP(tbl_computer[[#This Row],[Categories]],CODEX!$Z:$Z,CODEX!$W:$W,"")& TEXT(_xlfn.XLOOKUP(tbl_computer[[#This Row],[Categories]],CODEX!$Z:$Z,CODEX!$Y:$Y,""),"00")& TEXT(COUNTIFS(INDEX(tbl_computer[Purchase Date],1):tbl_computer[[#This Row],[Purchase Date]],">="&DATE(YEAR(tbl_computer[[#This Row],[Purchase Date]]),MONTH(tbl_computer[[#This Row],[Purchase Date]]),1),INDEX(tbl_computer[Purchase Date],1):tbl_computer[[#This Row],[Purchase Date]],"<"&EDATE(DATE(YEAR(tbl_computer[[#This Row],[Purchase Date]]),MONTH(tbl_computer[[#This Row],[Purchase Date]]),1),1),INDEX(tbl_computer[Categories],1):tbl_computer[[#This Row],[Categories]],tbl_computer[[#This Row],[Categories]]),"000")) -> 2601101026 | C35: 46023 | D35: PO-001 | E35: Patimban | F35: Engineer Room | G35: Computer | H35: Handheld | I35: Samsung Galaxy A36 5G | J35: SMARTPHONE | K35: RRCY3086CBJ | L35: SAMSUNG | M35: Galaxy A36 5G | O35: PBHPIT-ILCHAM | P35: One UI 7 Android | Q35: N/A | S35: N/A | U35: N/A | V35: Octa-Core | W35: Snapdragon 7s Gen 3 | X35: Snapdragon 6 Gen3 (4nm Octa-core) | Y35: Samsung | Z35: Onboard | AA35: N/A | AB35: 1 | AC35: Singgle Chanel | AD35: 12 | AE35: Snapdragon 6 Gen 3 | AF35: Y | AG35: SAMSUNG | AH35: INTERNAL | AI35: 256 | AJ35: FHD+ Super AMOLED 120Hz | AK35: AMOLED | AL35: 6,7 inci | AM35: New | AN35: PGT | AO35: IT | AP35: In used by User | AU35: FALSE | AV35: =_xlfn.IFNA(INDEX(tbl_handover[No. Handover],MATCH(tbl_computer[[#This Row],[No Asset]],tbl_handover[Asset Code],0)),"")
A36: =IF(tbl_computer[[#This Row],[No Asset]]<>"",SUBTOTAL(3,INDEX(tbl_computer[No Asset],1):tbl_computer[[#This Row],[No Asset]]),"") -> 8 | B36: =IF(OR(tbl_computer[[#This Row],[Purchase Date]]="",tbl_computer[[#This Row],[Categories]]=""),"", TEXT(tbl_computer[[#This Row],[Purchase Date]],"YYMM")& _xlfn.XLOOKUP(tbl_computer[[#This Row],[Categories]],CODEX!$Z:$Z,CODEX!$W:$W,"")& TEXT(_xlfn.XLOOKUP(tbl_computer[[#This Row],[Categories]],CODEX!$Z:$Z,CODEX!$Y:$Y,""),"00")& TEXT(COUNTIFS(INDEX(tbl_computer[Purchase Date],1):tbl_computer[[#This Row],[Purchase Date]],">="&DATE(YEAR(tbl_computer[[#This Row],[Purchase Date]]),MONTH(tbl_computer[[#This Row],[Purchase Date]]),1),INDEX(tbl_computer[Purchase Date],1):tbl_computer[[#This Row],[Purchase Date]],"<"&EDATE(DATE(YEAR(tbl_computer[[#This Row],[Purchase Date]]),MONTH(tbl_computer[[#This Row],[Purchase Date]]),1),1),INDEX(tbl_computer[Categories],1):tbl_computer[[#This Row],[Categories]],tbl_computer[[#This Row],[Categories]]),"000")) -> 2601101027 | C36: 46023 | D36: PO-001 | E36: Patimban | F36: Operations Room | G36: Computer | H36: Handheld | I36: Samsung Galaxy Tab Active5 | J36: TABLET | L36: SAMSUNG | M36: Galaxy Tab Active5 | O36: PBTBOP-SOEHARDONO | P36: Android | Q36: N/A | S36: N/A | U36: N/A | V36: SAMSUNG | W36: Exynos 1380 | X36: Chipset Samsung Exynos 1380, CPU octa-core | Y36: N/A | Z36: INTERNAL | AA36: N/A | AB36: N/A | AC36: N/A | AD36: 6 | AE36: N/A | AF36: N | AG36: N/A | AH36: N/A | AI36: 128 | AJ36: TFT LCD (1920 x 1200) - 120Hz | AK36: WUXGA | AL36: 8" | AM36: Good | AN36: PGT | AO36: IT | AP36: In used by User | AU36: FALSE | AV36: =_xlfn.IFNA(INDEX(tbl_handover[No. Handover],MATCH(tbl_computer[[#This Row],[No Asset]],tbl_handover[Asset Code],0)),"")
A37: =IF(tbl_computer[[#This Row],[No Asset]]<>"",SUBTOTAL(3,INDEX(tbl_computer[No Asset],1):tbl_computer[[#This Row],[No Asset]]),"") -> 8 | B37: =IF(OR(tbl_computer[[#This Row],[Purchase Date]]="",tbl_computer[[#This Row],[Categories]]=""),"", TEXT(tbl_computer[[#This Row],[Purchase Date]],"YYMM")& _xlfn.XLOOKUP(tbl_computer[[#This Row],[Categories]],CODEX!$Z:$Z,CODEX!$W:$W,"")& TEXT(_xlfn.XLOOKUP(tbl_computer[[#This Row],[Categories]],CODEX!$Z:$Z,CODEX!$Y:$Y,""),"00")& TEXT(COUNTIFS(INDEX(tbl_computer[Purchase Date],1):tbl_computer[[#This Row],[Purchase Date]],">="&DATE(YEAR(tbl_computer[[#This Row],[Purchase Date]]),MONTH(tbl_computer[[#This Row],[Purchase Date]]),1),INDEX(tbl_computer[Purchase Date],1):tbl_computer[[#This Row],[Purchase Date]],"<"&EDATE(DATE(YEAR(tbl_computer[[#This Row],[Purchase Date]]),MONTH(tbl_computer[[#This Row],[Purchase Date]]),1),1),INDEX(tbl_computer[Categories],1):tbl_computer[[#This Row],[Categories]],tbl_computer[[#This Row],[Categories]]),"000")) -> 2601101028 | C37: 46023 | D37: PO-001 | E37: Patimban | F37: Operations Room | G37: Computer | H37: Handheld | I37: Samsung Galaxy A32 4G | J37: SMARTPHONE | L37: SAMSUNG | M37: Galaxy A32 4G | O37: PBHPOP-CALL CENTER OPRATIONAL | P37: Android | Q37: N/A | S37: N/A | U37: N/A | V37: SAMSUNG | W37: MediaTek Helio G80 (12 nm) | Y37: N/A | Z37: N/A | AA37: N/A | AB37: N/A | AC37: N/A | AD37: 8 | AE37: Helio G80 | AF37: Y | AG37: N/A | AH37: N/A | AI37: 128 | AJ37: Full HD+, refresh rate 90 Hz | AK37: AMOLED | AL37: 6,6" | AM37: Good | AN37: PGT | AO37: IT | AP37: In used by User | AU37: FALSE | AV37: =_xlfn.IFNA(INDEX(tbl_handover[No. Handover],MATCH(tbl_computer[[#This Row],[No Asset]],tbl_handover[Asset Code],0)),"")
A38: =IF(tbl_computer[[#This Row],[No Asset]]<>"",SUBTOTAL(3,INDEX(tbl_computer[No Asset],1):tbl_computer[[#This Row],[No Asset]]),"") -> 8 | B38: =IF(OR(tbl_computer[[#This Row],[Purchase Date]]="",tbl_computer[[#This Row],[Categories]]=""),"", TEXT(tbl_computer[[#This Row],[Purchase Date]],"YYMM")& _xlfn.XLOOKUP(tbl_computer[[#This Row],[Categories]],CODEX!$Z:$Z,CODEX!$W:$W,"")& TEXT(_xlfn.XLOOKUP(tbl_computer[[#This Row],[Categories]],CODEX!$Z:$Z,CODEX!$Y:$Y,""),"00")& TEXT(COUNTIFS(INDEX(tbl_computer[Purchase Date],1):tbl_computer[[#This Row],[Purchase Date]],">="&DATE(YEAR(tbl_computer[[#This Row],[Purchase Date]]),MONTH(tbl_computer[[#This Row],[Purchase Date]]),1),INDEX(tbl_computer[Purchase Date],1):tbl_computer[[#This Row],[Purchase Date]],"<"&EDATE(DATE(YEAR(tbl_computer[[#This Row],[Purchase Date]]),MONTH(tbl_computer[[#This Row],[Purchase Date]]),1),1),INDEX(tbl_computer[Categories],1):tbl_computer[[#This Row],[Categories]],tbl_computer[[#This Row],[Categories]]),"000")) -> 2601101029 | C38: 46023 | D38: PO-001 | E38: Patimban | F38: Equipment Room | G38: Computer | H38: Notebook | I38: Dell Pro 14 Latitude 3450 | J38: NOTEBOOK | K38: 3GKWB94 | L38: DELL | M38: Pro 14 Latitude 3450 | O38: PBNBEQ-RIJALI | P38: W 11 Pro | Q38: Q9TXN-XH8WH-H33RH-QKHMP-W2QW6 | T38: 28-95-29-43-C0-6A | U38: C4-D6-D3-81-62-F9 | V38: INTEL | W38: i7-1355U | X38: 13th GEN INTEL(R) CORE(TM) I7-1355U 1.7GHz | AD38: 16 | AH38: SSD-NVME | AI38: 512 | AL38: 11" | AM38: Good | AN38: PGT | AO38: IT | AP38: In used by User | AQ38: Ex. Ilham | AU38: FALSE | AV38: =_xlfn.IFNA(INDEX(tbl_handover[No. Handover],MATCH(tbl_computer[[#This Row],[No Asset]],tbl_handover[Asset Code],0)),"")
A39: =IF(tbl_computer[[#This Row],[No Asset]]<>"",SUBTOTAL(3,INDEX(tbl_computer[No Asset],1):tbl_computer[[#This Row],[No Asset]]),"") -> 8 | B39: =IF(OR(tbl_computer[[#This Row],[Purchase Date]]="",tbl_computer[[#This Row],[Categories]]=""),"", TEXT(tbl_computer[[#This Row],[Purchase Date]],"YYMM")& _xlfn.XLOOKUP(tbl_computer[[#This Row],[Categories]],CODEX!$Z:$Z,CODEX!$W:$W,"")& TEXT(_xlfn.XLOOKUP(tbl_computer[[#This Row],[Categories]],CODEX!$Z:$Z,CODEX!$Y:$Y,""),"00")& TEXT(COUNTIFS(INDEX(tbl_computer[Purchase Date],1):tbl_computer[[#This Row],[Purchase Date]],">="&DATE(YEAR(tbl_computer[[#This Row],[Purchase Date]]),MONTH(tbl_computer[[#This Row],[Purchase Date]]),1),INDEX(tbl_computer[Purchase Date],1):tbl_computer[[#This Row],[Purchase Date]],"<"&EDATE(DATE(YEAR(tbl_computer[[#This Row],[Purchase Date]]),MONTH(tbl_computer[[#This Row],[Purchase Date]]),1),1),INDEX(tbl_computer[Categories],1):tbl_computer[[#This Row],[Categories]],tbl_computer[[#This Row],[Categories]]),"000")) -> 2601101030 | C39: 46023 | D39: PO-001 | E39: Patimban | F39: HSE Room | G39: Computer | H39: AIO | I39: Lenovo IdeaCentre AIO 24IRH9 | J39: AIO PC | K39: MP2A9719 | L39: LENOVO | M39: IdeaCentre AIO 24IRH9 | O39: PBPCHS-HSSE2 | P39: W 11 Pro | Q39: Q28HQ-XPND7-BCVHW-RRJ76-XQB6Q | R39: 192.168.137.211 | S39: N/A | T39: 70-08-94-41-A9-F7 | U39: 40-C2-BA-6F-6E-9A | V39: INTEL | W39: i5-13420H | X39: 13th Gen Intel(R) Core(TM) i5-13420H (2.10 GHz) | AD39: 8 | AE39: Intel ARC Graphics | AF39: Y | AH39: SSD-NVME | AI39: 512 | AL39: 27" | AM39: Good | AN39: PGT | AO39: IT | AP39: In used by User | AQ39: Exchange from PBNBIT-ITSTAFF; ex. Bahtiar currently used by HSE Staff | AU39: TRUE | AV39: =_xlfn.IFNA(INDEX(tbl_handover[No. Handover],MATCH(tbl_computer[[#This Row],[No Asset]],tbl_handover[Asset Code],0)),"") -> SR.26.09.0011/IX/2026/PGT/IT/INT
A40: =IF(tbl_computer[[#This Row],[No Asset]]<>"",SUBTOTAL(3,INDEX(tbl_computer[No Asset],1):tbl_computer[[#This Row],[No Asset]]),"") -> 9 | B40: =IF(OR(tbl_computer[[#This Row],[Purchase Date]]="",tbl_computer[[#This Row],[Categories]]=""),"", TEXT(tbl_computer[[#This Row],[Purchase Date]],"YYMM")& _xlfn.XLOOKUP(tbl_computer[[#This Row],[Categories]],CODEX!$Z:$Z,CODEX!$W:$W,"")& TEXT(_xlfn.XLOOKUP(tbl_computer[[#This Row],[Categories]],CODEX!$Z:$Z,CODEX!$Y:$Y,""),"00")& TEXT(COUNTIFS(INDEX(tbl_computer[Purchase Date],1):tbl_computer[[#This Row],[Purchase Date]],">="&DATE(YEAR(tbl_computer[[#This Row],[Purchase Date]]),MONTH(tbl_computer[[#This Row],[Purchase Date]]),1),INDEX(tbl_computer[Purchase Date],1):tbl_computer[[#This Row],[Purchase Date]],"<"&EDATE(DATE(YEAR(tbl_computer[[#This Row],[Purchase Date]]),MONTH(tbl_computer[[#This Row],[Purchase Date]]),1),1),INDEX(tbl_computer[Categories],1):tbl_computer[[#This Row],[Categories]],tbl_computer[[#This Row],[Categories]]),"000")) -> 2601101031 | C40: 46023 | D40: PO-001 | E40: Patimban | F40: Engineer Room | G40: Computer | H40: Handheld | I40: Samsung Galaxy Tab Active5 | J40: TABLET | K40: RRGL603RWAT | L40: SAMSUNG | M40: Galaxy Tab Active5 | O40: PBTBIS-REEFER01 | P40: Android | Q40: N/A | R40: 10.90.10.231 | S40: N/A | T40: 08:10:93:E7:57:CB | U40: N/A | V40: SAMSUNG | W40: Exynos 1380 | X40: Chipset Samsung Exynos 1380, CPU octa-core | Y40: N/A | Z40: INTERNAL | AA40: N/A | AB40: N/A | AC40: N/A | AD40: 6 | AE40: N/A | AF40: N | AG40: N/A | AH40: N/A | AI40: 128 | AJ40: TFT LCD (1920 x 1200) - 120Hz | AK40: WUXGA | AL40: 8" | AM40: Good | AN40: PGT | AO40: IT | AP40: In used by User | AU40: TRUE | AV40: =_xlfn.IFNA(INDEX(tbl_handover[No. Handover],MATCH(tbl_computer[[#This Row],[No Asset]],tbl_handover[Asset Code],0)),"")
A41: =IF(tbl_computer[[#This Row],[No Asset]]<>"",SUBTOTAL(3,INDEX(tbl_computer[No Asset],1):tbl_computer[[#This Row],[No Asset]]),"") -> 10 | B41: =IF(OR(tbl_computer[[#This Row],[Purchase Date]]="",tbl_computer[[#This Row],[Categories]]=""),"", TEXT(tbl_computer[[#This Row],[Purchase Date]],"YYMM")& _xlfn.XLOOKUP(tbl_computer[[#This Row],[Categories]],CODEX!$Z:$Z,CODEX!$W:$W,"")& TEXT(_xlfn.XLOOKUP(tbl_computer[[#This Row],[Categories]],CODEX!$Z:$Z,CODEX!$Y:$Y,""),"00")& TEXT(COUNTIFS(INDEX(tbl_computer[Purchase Date],1):tbl_computer[[#This Row],[Purchase Date]],">="&DATE(YEAR(tbl_computer[[#This Row],[Purchase Date]]),MONTH(tbl_computer[[#This Row],[Purchase Date]]),1),INDEX(tbl_computer[Purchase Date],1):tbl_computer[[#This Row],[Purchase Date]],"<"&EDATE(DATE(YEAR(tbl_computer[[#This Row],[Purchase Date]]),MONTH(tbl_computer[[#This Row],[Purchase Date]]),1),1),INDEX(tbl_computer[Categories],1):tbl_computer[[#This Row],[Categories]],tbl_computer[[#This Row],[Categories]]),"000")) -> 2601101032 | C41: 46023 | D41: PO-001 | E41: Patimban | F41: CY/Wharf Area | G41: Computer | H41: Handheld | I41: Samsung Galaxy Tab Active5 | J41: TABLET | K41: RRGL603SHLN | L41: SAMSUNG | M41: Galaxy Tab Active5 | O41: PBTBIS-REEFER03 | P41: Android | Q41: N/A | R41: 10.90.10.230 | S41: N/A | T41: 08:10:93:E7:5D:49 | U41: N/A | V41: SAMSUNG | W41: Exynos 1380 | X41: Chipset Samsung Exynos 1380, CPU octa-core | Y41: N/A | Z41: INTERNAL | AA41: N/A | AB41: N/A | AC41: N/A | AD41: 6 | AE41: N/A | AF41: N | AG41: N/A | AH41: N/A | AI41: 128 | AJ41: TFT LCD (1920 x 1200) - 120Hz | AK41: WUXGA | AL41: 8" | AM41: Good | AN41: PGT | AO41: IT | AP41: In used by User | AQ41: Use For RS103 | AU41: TRUE | AV41: =_xlfn.IFNA(INDEX(tbl_handover[No. Handover],MATCH(tbl_computer[[#This Row],[No Asset]],tbl_handover[Asset Code],0)),"") -> SR.26.09.0020/IX/2026/PGT/IT/INT
A42: =IF(tbl_computer[[#This Row],[No Asset]]<>"",SUBTOTAL(3,INDEX(tbl_computer[No Asset],1):tbl_computer[[#This Row],[No Asset]]),"") -> 11 | B42: =IF(OR(tbl_computer[[#This Row],[Purchase Date]]="",tbl_computer[[#This Row],[Categories]]=""),"", TEXT(tbl_computer[[#This Row],[Purchase Date]],"YYMM")& _xlfn.XLOOKUP(tbl_computer[[#This Row],[Categories]],CODEX!$Z:$Z,CODEX!$W:$W,"")& TEXT(_xlfn.XLOOKUP(tbl_computer[[#This Row],[Categories]],CODEX!$Z:$Z,CODEX!$Y:$Y,""),"00")& TEXT(COUNTIFS(INDEX(tbl_computer[Purchase Date],1):tbl_computer[[#This Row],[Purchase Date]],">="&DATE(YEAR(tbl_computer[[#This Row],[Purchase Date]]),MONTH(tbl_computer[[#This Row],[Purchase Date]]),1),INDEX(tbl_computer[Purchase Date],1):tbl_computer[[#This Row],[Purchase Date]],"<"&EDATE(DATE(YEAR(tbl_computer[[#This Row],[Purchase Date]]),MONTH(tbl_computer[[#This Row],[Purchase Date]]),1),1),INDEX(tbl_computer[Categories],1):tbl_computer[[#This Row],[Categories]],tbl_computer[[#This Row],[Categories]]),"000")) -> 2601101033 | C42: 46023 | D42: PO-001 | E42: Patimban | F42: CY/Wharf Area | G42: Computer | H42: Handheld | I42: Samsung Galaxy Tab Active5 | J42: TABLET | K42: RRGL603SJAW | L42: SAMSUNG | M42: Galaxy Tab Active5 | O42: PBTBIS-REEFER02 | P42: Android | Q42: N/A | R42: 10.90.10.229 | S42: N/A | T42: 08:10:93:E7:5D:77 | U42: N/A | V42: SAMSUNG | W42: Exynos 1380 | X42: Chipset Samsung Exynos 1380, CPU octa-core | Y42: N/A | Z42: INTERNAL | AA42: N/A | AB42: N/A | AC42: N/A | AD42: 6 | AE42: N/A | AF42: N | AG42: N/A | AH42: N/A | AI42: 128 | AJ42: TFT LCD (1920 x 1200) - 120Hz | AK42: WUXGA | AL42: 8" | AM42: Good | AN42: PGT | AO42: IT | AP42: In used by User | AQ42: Use For ECH 103 | AU42: TRUE | AV42: =_xlfn.IFNA(INDEX(tbl_handover[No. Handover],MATCH(tbl_computer[[#This Row],[No Asset]],tbl_handover[Asset Code],0)),"") -> SR.26.09.0020/IX/2026/PGT/IT/INT
A43: =IF(tbl_computer[[#This Row],[No Asset]]<>"",SUBTOTAL(3,INDEX(tbl_computer[No Asset],1):tbl_computer[[#This Row],[No Asset]]),"") -> 11 | B43: =IF(OR(tbl_computer[[#This Row],[Purchase Date]]="",tbl_computer[[#This Row],[Categories]]=""),"", TEXT(tbl_computer[[#This Row],[Purchase Date]],"YYMM")& _xlfn.XLOOKUP(tbl_computer[[#This Row],[Categories]],CODEX!$Z:$Z,CODEX!$W:$W,"")& TEXT(_xlfn.XLOOKUP(tbl_computer[[#This Row],[Categories]],CODEX!$Z:$Z,CODEX!$Y:$Y,""),"00")& TEXT(COUNTIFS(INDEX(tbl_computer[Purchase Date],1):tbl_computer[[#This Row],[Purchase Date]],">="&DATE(YEAR(tbl_computer[[#This Row],[Purchase Date]]),MONTH(tbl_computer[[#This Row],[Purchase Date]]),1),INDEX(tbl_computer[Purchase Date],1):tbl_computer[[#This Row],[Purchase Date]],"<"&EDATE(DATE(YEAR(tbl_computer[[#This Row],[Purchase Date]]),MONTH(tbl_computer[[#This Row],[Purchase Date]]),1),1),INDEX(tbl_computer[Categories],1):tbl_computer[[#This Row],[Categories]],tbl_computer[[#This Row],[Categories]]),"000")) -> 2601101034 | C43: 46023 | D43: PO-001 | E43: Patimban | F43: Loket Room | G43: Computer | H43: PC | I43: Dell Pro Micro QCM1250 | J43: MFF PC | K43: CNWS20057U00LM/HZM0JC4 | L43: DELL | M43: Pro Micro QCM1250 | O43: PBPCHL-Helpdesk | P43: W 11 Pro | Q43: 8GFXY-NRHX2-DQX33-V7MY8-JFHJ6 | R43: N/A | S43: 192.168.101.185 | T43: C0-A8-10-30-7B-77 | U43: FC-4C-EA-10-F2-FC | V43: INTEL | W43: i5-14500T | X43: Core(TM)i5-14500T (1.70 GHz) | Y43: Samsung | Z43: DDR5 | AA43: 4800 | AB43: 2 | AC43: Dual Chanel | AD43: 16 | AE43: UHD Graphics 770 | AF43: Y | AG43: KIOXIA | AH43: SSD-NVME | AI43: 512 | AJ43: Samsung Curved 32" S32D396GAE | AK43: Curve | AL43: 32" | AM43: Good | AN43: PGT | AO43: IT | AP43: In used by User | AQ43: PC HALOTEC | AU43: TRUE | AV43: =_xlfn.IFNA(INDEX(tbl_handover[No. Handover],MATCH(tbl_computer[[#This Row],[No Asset]],tbl_handover[Asset Code],0)),"") -> SR.26.09.0015/IX/2026/PGT/IT/INT
A44: =IF(tbl_computer[[#This Row],[No Asset]]<>"",SUBTOTAL(3,INDEX(tbl_computer[No Asset],1):tbl_computer[[#This Row],[No Asset]]),"") -> 11 | B44: =IF(OR(tbl_computer[[#This Row],[Purchase Date]]="",tbl_computer[[#This Row],[Categories]]=""),"", TEXT(tbl_computer[[#This Row],[Purchase Date]],"YYMM")& _xlfn.XLOOKUP(tbl_computer[[#This Row],[Categories]],CODEX!$Z:$Z,CODEX!$W:$W,"")& TEXT(_xlfn.XLOOKUP(tbl_computer[[#This Row],[Categories]],CODEX!$Z:$Z,CODEX!$Y:$Y,""),"00")& TEXT(COUNTIFS(INDEX(tbl_computer[Purchase Date],1):tbl_computer[[#This Row],[Purchase Date]],">="&DATE(YEAR(tbl_computer[[#This Row],[Purchase Date]]),MONTH(tbl_computer[[#This Row],[Purchase Date]]),1),INDEX(tbl_computer[Purchase Date],1):tbl_computer[[#This Row],[Purchase Date]],"<"&EDATE(DATE(YEAR(tbl_computer[[#This Row],[Purchase Date]]),MONTH(tbl_computer[[#This Row],[Purchase Date]]),1),1),INDEX(tbl_computer[Categories],1):tbl_computer[[#This Row],[Categories]],tbl_computer[[#This Row],[Categories]]),"000")) -> 2609101008 | C44: 46268 | D44: PO-002 | E44: Patimban | F44: Engineer Room | G44: Computer | H44: Notebook | I44: Dell Alienware 16 Aurora AC16250 | J44: NOTEBOOK | K44: 8HB54C4 | L44: DELL | M44: Aurora AC16250 | O44: PBNBIS-HANGGA | P44: W 11 Pro | Q44: 7YXN8-YBW8B-8CQQ4-F4263-VXMP2 | T44: F4-4E-B4-60-68-BF | U44: D4-A2-CD-F0-91-C2 | V44: INTEL | W44: Intel® Core™ 7 (Series 2) 240H | X44: Intel® Core™ 7 Processor (Series 2) 240H (24MB cache, 10 cores, 1.80 to 5.20 GHz P-Core) | Y44: Samsung | Z44: DDR5 | AA44: 5600 | AB44: 2 | AC44: Dual Chanel | AD44: 32 | AE44: NVIDIA® GeForce RTX™ 5060, 8 GB GDDR7 | AG44: M.2 PCIe NVMe | AH44: M.2, PCIe NVMe | AI44: 1024 | AJ44: WQXGA, 120Hz, 300 nits, 100% sRGB, ComfortView Plus | AK44: WQXGA | AL44: 16" | AM44: New | AN44: PGT | AO44: IT | AP44: In used by User | AU44: TRUE | AV44: =_xlfn.IFNA(INDEX(tbl_handover[No. Handover],MATCH(tbl_computer[[#This Row],[No Asset]],tbl_handover[Asset Code],0)),"")
A45: =IF(tbl_computer[[#This Row],[No Asset]]<>"",SUBTOTAL(3,INDEX(tbl_computer[No Asset],1):tbl_computer[[#This Row],[No Asset]]),"") -> 11 | B45: =IF(OR(tbl_computer[[#This Row],[Purchase Date]]="",tbl_computer[[#This Row],[Categories]]=""),"", TEXT(tbl_computer[[#This Row],[Purchase Date]],"YYMM")& _xlfn.XLOOKUP(tbl_computer[[#This Row],[Categories]],CODEX!$Z:$Z,CODEX!$W:$W,"")& TEXT(_xlfn.XLOOKUP(tbl_computer[[#This Row],[Categories]],CODEX!$Z:$Z,CODEX!$Y:$Y,""),"00")& TEXT(COUNTIFS(INDEX(tbl_computer[Purchase Date],1):tbl_computer[[#This Row],[Purchase Date]],">="&DATE(YEAR(tbl_computer[[#This Row],[Purchase Date]]),MONTH(tbl_computer[[#This Row],[Purchase Date]]),1),INDEX(tbl_computer[Purchase Date],1):tbl_computer[[#This Row],[Purchase Date]],"<"&EDATE(DATE(YEAR(tbl_computer[[#This Row],[Purchase Date]]),MONTH(tbl_computer[[#This Row],[Purchase Date]]),1),1),INDEX(tbl_computer[Categories],1):tbl_computer[[#This Row],[Categories]],tbl_computer[[#This Row],[Categories]]),"000")) -> 2609101009 | C45: 46268 | D45: PO-002 | E45: Patimban | F45: Engineer Room | G45: Computer | H45: Notebook | I45: Dell Alienware 16 Aurora AC16250 | J45: NOTEBOOK | K45: 7L5QBC4 | L45: DELL | M45: Aurora AC16250 | O45: PBNBME-DEDY | P45: W 11 Pro | V45: INTEL | W45: Intel® Core™ 7 (Series 2) 240H | X45: Intel® Core™ 7 Processor (Series 2) 240H (24MB cache, 10 cores, 1.80 to 5.20 GHz P-Core) | Y45: Samsung | Z45: DDR5 | AA45: 5600 | AB45: 2 | AC45: Dual Chanel | AD45: 32 | AE45: NVIDIA® GeForce RTX™ 5060, 8 GB GDDR7 | AF45: Y | AG45: M.2 PCIe NVMe | AH45: M.2, PCIe NVMe | AI45: 1024 | AJ45: WQXGA, 120Hz, 300 nits, 100% sRGB, ComfortView Plus | AK45: WQXGA | AL45: 16" | AM45: New | AN45: PGT | AO45: IT | AP45: In used by User | AQ45: ADAPTOR : LA180PM180 + BAGPACK (PAK DEDY ) | AU45: TRUE | AV45: =_xlfn.IFNA(INDEX(tbl_handover[No. Handover],MATCH(tbl_computer[[#This Row],[No Asset]],tbl_handover[Asset Code],0)),"") -> SR.26.09.0006/IX/2026/PGT/IT/INT
A46: =IF(tbl_computer[[#This Row],[No Asset]]<>"",SUBTOTAL(3,INDEX(tbl_computer[No Asset],1):tbl_computer[[#This Row],[No Asset]]),"") -> 11 | B46: =IF(OR(tbl_computer[[#This Row],[Purchase Date]]="",tbl_computer[[#This Row],[Categories]]=""),"", TEXT(tbl_computer[[#This Row],[Purchase Date]],"YYMM")& _xlfn.XLOOKUP(tbl_computer[[#This Row],[Categories]],CODEX!$Z:$Z,CODEX!$W:$W,"")& TEXT(_xlfn.XLOOKUP(tbl_computer[[#This Row],[Categories]],CODEX!$Z:$Z,CODEX!$Y:$Y,""),"00")& TEXT(COUNTIFS(INDEX(tbl_computer[Purchase Date],1):tbl_computer[[#This Row],[Purchase Date]],">="&DATE(YEAR(tbl_computer[[#This Row],[Purchase Date]]),MONTH(tbl_computer[[#This Row],[Purchase Date]]),1),INDEX(tbl_computer[Purchase Date],1):tbl_computer[[#This Row],[Purchase Date]],"<"&EDATE(DATE(YEAR(tbl_computer[[#This Row],[Purchase Date]]),MONTH(tbl_computer[[#This Row],[Purchase Date]]),1),1),INDEX(tbl_computer[Categories],1):tbl_computer[[#This Row],[Categories]],tbl_computer[[#This Row],[Categories]]),"000")) -> 2609101010 | C46: 46268 | D46: PO-002 | E46: Patimban | F46: Engineer Room | G46: Computer | H46: Notebook | I46: Dell Alienware 16 Aurora AC16250 | J46: NOTEBOOK | K46: 48WXFC4 | L46: DELL | M46: Aurora AC16250 | O46: PBNBME-ILHAM | P46: W 11 Pro | V46: INTEL | W46: Intel® Core™ 7 (Series 2) 240H | X46: Intel® Core™ 7 Processor (Series 2) 240H (24MB cache, 10 cores, 1.80 to 5.20 GHz P-Core) | Y46: Samsung | Z46: DDR5 | AA46: 5600 | AB46: 2 | AC46: Dual Chanel | AD46: 32 | AE46: NVIDIA® GeForce RTX™ 5060, 8 GB GDDR7 | AF46: Y | AG46: M.2 PCIe NVMe | AH46: M.2, PCIe NVMe | AI46: 1024 | AJ46: WQXGA, 120Hz, 300 nits, 100% sRGB, ComfortView Plus | AK46: WQXGA | AL46: 16" | AM46: New | AN46: PGT | AO46: IT | AP46: In used by User | AQ46: ADAPTOR : LA180PM180 + BAGPACK (PAK ILHAM ) | AU46: TRUE | AV46: =_xlfn.IFNA(INDEX(tbl_handover[No. Handover],MATCH(tbl_computer[[#This Row],[No Asset]],tbl_handover[Asset Code],0)),"") -> SR.26.09.0007/IX/2026/PGT/IT/INT
A47: =IF(tbl_computer[[#This Row],[No Asset]]<>"",SUBTOTAL(3,INDEX(tbl_computer[No Asset],1):tbl_computer[[#This Row],[No Asset]]),"") -> 12 | B47: =IF(OR(tbl_computer[[#This Row],[Purchase Date]]="",tbl_computer[[#This Row],[Categories]]=""),"", TEXT(tbl_computer[[#This Row],[Purchase Date]],"YYMM")& _xlfn.XLOOKUP(tbl_computer[[#This Row],[Categories]],CODEX!$Z:$Z,CODEX!$W:$W,"")& TEXT(_xlfn.XLOOKUP(tbl_computer[[#This Row],[Categories]],CODEX!$Z:$Z,CODEX!$Y:$Y,""),"00")& TEXT(COUNTIFS(INDEX(tbl_computer[Purchase Date],1):tbl_computer[[#This Row],[Purchase Date]],">="&DATE(YEAR(tbl_computer[[#This Row],[Purchase Date]]),MONTH(tbl_computer[[#This Row],[Purchase Date]]),1),INDEX(tbl_computer[Purchase Date],1):tbl_computer[[#This Row],[Purchase Date]],"<"&EDATE(DATE(YEAR(tbl_computer[[#This Row],[Purchase Date]]),MONTH(tbl_computer[[#This Row],[Purchase Date]]),1),1),INDEX(tbl_computer[Categories],1):tbl_computer[[#This Row],[Categories]],tbl_computer[[#This Row],[Categories]]),"000")) -> 2601101035 | C47: 46023 | D47: PO-001 | E47: Patimban | F47: Engineer Room | G47: Computer | H47: Handheld | I47: Samsung Galaxy Tab Active5 | J47: TABLET | K47: RRGL603SJTB | L47: SAMSUNG | M47: Galaxy Tab Active5 | O47: PBTBIT-ITCENTRE | P47: Android | Q47: N/A | R47: 10.90.10.2 | S47: N/A | T47: 08:10:93:E7:5D:99 | U47: N/A | V47: SAMSUNG | W47: Exynos 1380 | X47: Chipset Samsung Exynos 1380, CPU octa-core | Y47: N/A | Z47: INTERNAL | AA47: N/A | AB47: N/A | AC47: N/A | AD47: 6 | AE47: N/A | AF47: N | AG47: N/A | AH47: N/A | AI47: 128 | AJ47: TFT LCD (1920 x 1200) - 120Hz | AK47: WUXGA | AL47: 8" | AM47: Good | AN47: PGT | AO47: IT | AP47: In used by User | AQ47: IT CENTRE | AU47: TRUE | AV47: =_xlfn.IFNA(INDEX(tbl_handover[No. Handover],MATCH(tbl_computer[[#This Row],[No Asset]],tbl_handover[Asset Code],0)),"")
A48: =IF(tbl_computer[[#This Row],[No Asset]]<>"",SUBTOTAL(3,INDEX(tbl_computer[No Asset],1):tbl_computer[[#This Row],[No Asset]]),"") -> 12 | B48: =IF(OR(tbl_computer[[#This Row],[Purchase Date]]="",tbl_computer[[#This Row],[Categories]]=""),"", TEXT(tbl_computer[[#This Row],[Purchase Date]],"YYMM")& _xlfn.XLOOKUP(tbl_computer[[#This Row],[Categories]],CODEX!$Z:$Z,CODEX!$W:$W,"")& TEXT(_xlfn.XLOOKUP(tbl_computer[[#This Row],[Categories]],CODEX!$Z:$Z,CODEX!$Y:$Y,""),"00")& TEXT(COUNTIFS(INDEX(tbl_computer[Purchase Date],1):tbl_computer[[#This Row],[Purchase Date]],">="&DATE(YEAR(tbl_computer[[#This Row],[Purchase Date]]),MONTH(tbl_computer[[#This Row],[Purchase Date]]),1),INDEX(tbl_computer[Purchase Date],1):tbl_computer[[#This Row],[Purchase Date]],"<"&EDATE(DATE(YEAR(tbl_computer[[#This Row],[Purchase Date]]),MONTH(tbl_computer[[#This Row],[Purchase Date]]),1),1),INDEX(tbl_computer[Categories],1):tbl_computer[[#This Row],[Categories]],tbl_computer[[#This Row],[Categories]]),"000")) -> 2609101011 | C48: 46268 | D48: PO-002 | E48: Patimban | F48: Loket Room | G48: Computer | H48: Handheld | I48: Samsung Galaxy A36 5G | J48: SMARTPHONE | K48: RRCYA04P1WP | L48: SAMSUNG | M48: Galaxy A36 5G | O48: PBHPCO-CUSTOMER | P48: One UI 7 Android | Q48: N/A | R48: 10.67.93.42 | S48: N/A | T48: 08-10-93-3D-CF-15 | U48: N/A | V48: Octa-Core | W48: Snapdragon 7s Gen 3 | X48: Snapdragon 6 Gen3 (4nm Octa-core) | Y48: Samsung | Z48: Onboard | AA48: N/A | AB48: 1 | AC48: Singgle Chanel | AD48: 12 | AE48: Snapdragon 6 Gen 3 | AF48: Y | AG48: SAMSUNG | AH48: INTERNAL | AI48: 256 | AJ48: FHD+ Super AMOLED 120Hz | AK48: AMOLED | AL48: 6,7 inci | AM48: New | AN48: PGT | AO48: IT | AP48: In used by User | AQ48: Comersial - Loket | AU48: TRUE | AV48: =_xlfn.IFNA(INDEX(tbl_handover[No. Handover],MATCH(tbl_computer[[#This Row],[No Asset]],tbl_handover[Asset Code],0)),"") -> SR.26.09.0015/IX/2026/PGT/IT/INT
A49: =IF(tbl_computer[[#This Row],[No Asset]]<>"",SUBTOTAL(3,INDEX(tbl_computer[No Asset],1):tbl_computer[[#This Row],[No Asset]]),"") -> 13 | B49: =IF(OR(tbl_computer[[#This Row],[Purchase Date]]="",tbl_computer[[#This Row],[Categories]]=""),"", TEXT(tbl_computer[[#This Row],[Purchase Date]],"YYMM")& _xlfn.XLOOKUP(tbl_computer[[#This Row],[Categories]],CODEX!$Z:$Z,CODEX!$W:$W,"")& TEXT(_xlfn.XLOOKUP(tbl_computer[[#This Row],[Categories]],CODEX!$Z:$Z,CODEX!$Y:$Y,""),"00")& TEXT(COUNTIFS(INDEX(tbl_computer[Purchase Date],1):tbl_computer[[#This Row],[Purchase Date]],">="&DATE(YEAR(tbl_computer[[#This Row],[Purchase Date]]),MONTH(tbl_computer[[#This Row],[Purchase Date]]),1),INDEX(tbl_computer[Purchase Date],1):tbl_computer[[#This Row],[Purchase Date]],"<"&EDATE(DATE(YEAR(tbl_computer[[#This Row],[Purchase Date]]),MONTH(tbl_computer[[#This Row],[Purchase Date]]),1),1),INDEX(tbl_computer[Categories],1):tbl_computer[[#This Row],[Categories]],tbl_computer[[#This Row],[Categories]]),"000")) -> 2601101036 | C49: 46023 | D49: PO-001 | E49: Patimban | F49: CY/Wharf Area | G49: Computer | H49: Handheld | I49: Samsung Galaxy Tab Active5 | J49: TABLET | K49: RRGYC03G5QR | L49: SAMSUNG | M49: Galaxy Tab Active5 | O49: PBTBOP-YOS1 | P49: Android | Q49: N/A | S49: N/A | U49: N/A | V49: SAMSUNG | W49: Exynos 1380 | X49: Chipset Samsung Exynos 1380, CPU octa-core | Y49: N/A | Z49: INTERNAL | AA49: N/A | AB49: N/A | AC49: N/A | AD49: 6 | AE49: N/A | AF49: N | AG49: N/A | AH49: N/A | AI49: 128 | AJ49: TFT LCD (1920 x 1200) - 120Hz | AK49: WUXGA | AL49: 8" | AM49: Good | AN49: PGT | AO49: IT | AP49: In used by User | AQ49: Include Anker Zolo charger (20w,PD 3.0) | AU49: FALSE | AV49: =_xlfn.IFNA(INDEX(tbl_handover[No. Handover],MATCH(tbl_computer[[#This Row],[No Asset]],tbl_handover[Asset Code],0)),"")
A50: =IF(tbl_computer[[#This Row],[No Asset]]<>"",SUBTOTAL(3,INDEX(tbl_computer[No Asset],1):tbl_computer[[#This Row],[No Asset]]),"") -> 14 | B50: =IF(OR(tbl_computer[[#This Row],[Purchase Date]]="",tbl_computer[[#This Row],[Categories]]=""),"", TEXT(tbl_computer[[#This Row],[Purchase Date]],"YYMM")& _xlfn.XLOOKUP(tbl_computer[[#This Row],[Categories]],CODEX!$Z:$Z,CODEX!$W:$W,"")& TEXT(_xlfn.XLOOKUP(tbl_computer[[#This Row],[Categories]],CODEX!$Z:$Z,CODEX!$Y:$Y,""),"00")& TEXT(COUNTIFS(INDEX(tbl_computer[Purchase Date],1):tbl_computer[[#This Row],[Purchase Date]],">="&DATE(YEAR(tbl_computer[[#This Row],[Purchase Date]]),MONTH(tbl_computer[[#This Row],[Purchase Date]]),1),INDEX(tbl_computer[Purchase Date],1):tbl_computer[[#This Row],[Purchase Date]],"<"&EDATE(DATE(YEAR(tbl_computer[[#This Row],[Purchase Date]]),MONTH(tbl_computer[[#This Row],[Purchase Date]]),1),1),INDEX(tbl_computer[Categories],1):tbl_computer[[#This Row],[Categories]],tbl_computer[[#This Row],[Categories]]),"000")) -> 2601101037 | C50: 46023 | D50: PO-001 | E50: Patimban | F50: CY/Wharf Area | G50: Computer | H50: Handheld | I50: Samsung Galaxy Tab Active5 Pro | J50: TABLET | K50: RRGYC09N65W | L50: SAMSUNG | M50: Galaxy Tab Active5 Pro | O50: PBTBOP-ECH102 | P50: Android | Q50: N/A | R50: 10.90.10.225 | S50: N/A | T50: 08:10:93:69:E9:A5 | U50: N/A | V50: SAMSUNG | W50: Exynos 1380 | X50: Qualcomm Snapdragon 7s Gen 3 (4nm) | Y50: N/A | Z50: INTERNAL | AA50: N/A | AB50: N/A | AC50: N/A | AD50: 8 | AE50: N/A | AF50: N | AG50: N/A | AH50: N/A | AI50: 256 | AJ50: TFT LCD (1920 x 1200) - 120Hz | AK50: WUXGA | AL50: 10" | AM50: Good | AN50: PGT | AO50: IT | AP50: Idle | AQ50: To be use by ECH 102 operators | AU50: TRUE | AV50: =_xlfn.IFNA(INDEX(tbl_handover[No. Handover],MATCH(tbl_computer[[#This Row],[No Asset]],tbl_handover[Asset Code],0)),"")
A51: =IF(tbl_computer[[#This Row],[No Asset]]<>"",SUBTOTAL(3,INDEX(tbl_computer[No Asset],1):tbl_computer[[#This Row],[No Asset]]),"") -> 15 | B51: =IF(OR(tbl_computer[[#This Row],[Purchase Date]]="",tbl_computer[[#This Row],[Categories]]=""),"", TEXT(tbl_computer[[#This Row],[Purchase Date]],"YYMM")& _xlfn.XLOOKUP(tbl_computer[[#This Row],[Categories]],CODEX!$Z:$Z,CODEX!$W:$W,"")& TEXT(_xlfn.XLOOKUP(tbl_computer[[#This Row],[Categories]],CODEX!$Z:$Z,CODEX!$Y:$Y,""),"00")& TEXT(COUNTIFS(INDEX(tbl_computer[Purchase Date],1):tbl_computer[[#This Row],[Purchase Date]],">="&DATE(YEAR(tbl_computer[[#This Row],[Purchase Date]]),MONTH(tbl_computer[[#This Row],[Purchase Date]]),1),INDEX(tbl_computer[Purchase Date],1):tbl_computer[[#This Row],[Purchase Date]],"<"&EDATE(DATE(YEAR(tbl_computer[[#This Row],[Purchase Date]]),MONTH(tbl_computer[[#This Row],[Purchase Date]]),1),1),INDEX(tbl_computer[Categories],1):tbl_computer[[#This Row],[Categories]],tbl_computer[[#This Row],[Categories]]),"000")) -> 2601101038 | C51: 46023 | D51: PO-001 | E51: Patimban | F51: Office B PGT | G51: Computer | H51: Handheld | I51: Samsung Galaxy Tab Active5 Pro | J51: TABLET | L51: SAMSUNG | M51: Galaxy Tab Active5 Pro | O51: PBTBOP-ENCEP | P51: Android | Q51: N/A | V51: SAMSUNG | W51: Exynos 1380 | X51: Qualcomm Snapdragon 7s Gen 3 (4nm) | Y51: N/A | Z51: INTERNAL | AA51: N/A | AB51: N/A | AC51: N/A | AD51: 8 | AE51: N/A | AF51: N | AG51: N/A | AH51: N/A | AI51: 256 | AJ51: TFT LCD (1920 x 1200) - 120Hz | AK51: WUXGA | AL51: 10" | AM51: Good | AN51: PGT | AO51: IT | AP51: In used by User | AU51: FALSE | AV51: =_xlfn.IFNA(INDEX(tbl_handover[No. Handover],MATCH(tbl_computer[[#This Row],[No Asset]],tbl_handover[Asset Code],0)),"")
A52: =IF(tbl_computer[[#This Row],[No Asset]]<>"",SUBTOTAL(3,INDEX(tbl_computer[No Asset],1):tbl_computer[[#This Row],[No Asset]]),"") -> 16 | B52: =IF(OR(tbl_computer[[#This Row],[Purchase Date]]="",tbl_computer[[#This Row],[Categories]]=""),"", TEXT(tbl_computer[[#This Row],[Purchase Date]],"YYMM")& _xlfn.XLOOKUP(tbl_computer[[#This Row],[Categories]],CODEX!$Z:$Z,CODEX!$W:$W,"")& TEXT(_xlfn.XLOOKUP(tbl_computer[[#This Row],[Categories]],CODEX!$Z:$Z,CODEX!$Y:$Y,""),"00")& TEXT(COUNTIFS(INDEX(tbl_computer[Purchase Date],1):tbl_computer[[#This Row],[Purchase Date]],">="&DATE(YEAR(tbl_computer[[#This Row],[Purchase Date]]),MONTH(tbl_computer[[#This Row],[Purchase Date]]),1),INDEX(tbl_computer[Purchase Date],1):tbl_computer[[#This Row],[Purchase Date]],"<"&EDATE(DATE(YEAR(tbl_computer[[#This Row],[Purchase Date]]),MONTH(tbl_computer[[#This Row],[Purchase Date]]),1),1),INDEX(tbl_computer[Categories],1):tbl_computer[[#This Row],[Categories]],tbl_computer[[#This Row],[Categories]]),"000")) -> 2601101039 | C52: 46023 | D52: PO-001 | E52: Patimban | F52: Engineer Room | G52: Computer | H52: Handheld | I52: Samsung Galaxy Tab Active5 | J52: TABLET | K52: RRGL603S22R | L52: SAMSUNG | M52: Galaxy Tab Active5 | O52: PBTBIS-ILHAM | P52: Android | Q52: N/A | R52: 10.90.10.250 | S52: N/A | T52: 08:10:93:E7:59:47 | U52: N/A | V52: SAMSUNG | W52: Exynos 1380 | X52: Chipset Samsung Exynos 1380, CPU octa-core | Y52: N/A | Z52: INTERNAL | AA52: N/A | AB52: N/A | AC52: N/A | AD52: 6 | AE52: N/A | AF52: N | AG52: N/A | AH52: N/A | AI52: 128 | AJ52: TFT LCD (1920 x 1200) - 120Hz | AK52: WUXGA | AL52: 8" | AM52: Good | AN52: PGT | AO52: IT | AP52: In used by User | AQ52: In used by Ilham Adi | AU52: FALSE | AV52: =_xlfn.IFNA(INDEX(tbl_handover[No. Handover],MATCH(tbl_computer[[#This Row],[No Asset]],tbl_handover[Asset Code],0)),"")
A53: =IF(tbl_computer[[#This Row],[No Asset]]<>"",SUBTOTAL(3,INDEX(tbl_computer[No Asset],1):tbl_computer[[#This Row],[No Asset]]),"") -> 16 | B53: =IF(OR(tbl_computer[[#This Row],[Purchase Date]]="",tbl_computer[[#This Row],[Categories]]=""),"", TEXT(tbl_computer[[#This Row],[Purchase Date]],"YYMM")& _xlfn.XLOOKUP(tbl_computer[[#This Row],[Categories]],CODEX!$Z:$Z,CODEX!$W:$W,"")& TEXT(_xlfn.XLOOKUP(tbl_computer[[#This Row],[Categories]],CODEX!$Z:$Z,CODEX!$Y:$Y,""),"00")& TEXT(COUNTIFS(INDEX(tbl_computer[Purchase Date],1):tbl_computer[[#This Row],[Purchase Date]],">="&DATE(YEAR(tbl_computer[[#This Row],[Purchase Date]]),MONTH(tbl_computer[[#This Row],[Purchase Date]]),1),INDEX(tbl_computer[Purchase Date],1):tbl_computer[[#This Row],[Purchase Date]],"<"&EDATE(DATE(YEAR(tbl_computer[[#This Row],[Purchase Date]]),MONTH(tbl_computer[[#This Row],[Purchase Date]]),1),1),INDEX(tbl_computer[Categories],1):tbl_computer[[#This Row],[Categories]],tbl_computer[[#This Row],[Categories]]),"000")) -> 2601101040 | C53: 46023 | D53: PO-001 | E53: Jakarta | F53: Senayan Office | G53: Computer | H53: Notebook | I53: Dell Latitude 3450 | J53: NOTEBOOK | K53: PSI-PGT/0805 | L53: DELL | M53: Latitude 3450 | P53: W 11 Pro | AM53: Good | AN53: PSI | AO53: IT | AP53: In used by User | AQ53: In used by Allya Arrahim | AU53: FALSE | AV53: =_xlfn.IFNA(INDEX(tbl_handover[No. Handover],MATCH(tbl_computer[[#This Row],[No Asset]],tbl_handover[Asset Code],0)),"")
A54: =IF(tbl_computer[[#This Row],[No Asset]]<>"",SUBTOTAL(3,INDEX(tbl_computer[No Asset],1):tbl_computer[[#This Row],[No Asset]]),"") -> 16 | B54: =IF(OR(tbl_computer[[#This Row],[Purchase Date]]="",tbl_computer[[#This Row],[Categories]]=""),"", TEXT(tbl_computer[[#This Row],[Purchase Date]],"YYMM")& _xlfn.XLOOKUP(tbl_computer[[#This Row],[Categories]],CODEX!$Z:$Z,CODEX!$W:$W,"")& TEXT(_xlfn.XLOOKUP(tbl_computer[[#This Row],[Categories]],CODEX!$Z:$Z,CODEX!$Y:$Y,""),"00")& TEXT(COUNTIFS(INDEX(tbl_computer[Purchase Date],1):tbl_computer[[#This Row],[Purchase Date]],">="&DATE(YEAR(tbl_computer[[#This Row],[Purchase Date]]),MONTH(tbl_computer[[#This Row],[Purchase Date]]),1),INDEX(tbl_computer[Purchase Date],1):tbl_computer[[#This Row],[Purchase Date]],"<"&EDATE(DATE(YEAR(tbl_computer[[#This Row],[Purchase Date]]),MONTH(tbl_computer[[#This Row],[Purchase Date]]),1),1),INDEX(tbl_computer[Categories],1):tbl_computer[[#This Row],[Categories]],tbl_computer[[#This Row],[Categories]]),"000")) -> 2601101041 | C54: 46023 | D54: PO-001 | E54: Jakarta | F54: Senayan Office | G54: Computer | H54: Notebook | I54: Dell Latitude 5450 | J54: NOTEBOOK | K54: PSI-PGT/0845 | L54: DELL | M54: Latitude 5450 | P54: W 11 Pro | AM54: Good | AN54: PSI | AO54: IT | AP54: In used by User | AQ54: In used by Zinedinne Rolamallah | AU54: FALSE | AV54: =_xlfn.IFNA(INDEX(tbl_handover[No. Handover],MATCH(tbl_computer[[#This Row],[No Asset]],tbl_handover[Asset Code],0)),"")
A55: =IF(tbl_computer[[#This Row],[No Asset]]<>"",SUBTOTAL(3,INDEX(tbl_computer[No Asset],1):tbl_computer[[#This Row],[No Asset]]),"") -> 16 | B55: =IF(OR(tbl_computer[[#This Row],[Purchase Date]]="",tbl_computer[[#This Row],[Categories]]=""),"", TEXT(tbl_computer[[#This Row],[Purchase Date]],"YYMM")& _xlfn.XLOOKUP(tbl_computer[[#This Row],[Categories]],CODEX!$Z:$Z,CODEX!$W:$W,"")& TEXT(_xlfn.XLOOKUP(tbl_computer[[#This Row],[Categories]],CODEX!$Z:$Z,CODEX!$Y:$Y,""),"00")& TEXT(COUNTIFS(INDEX(tbl_computer[Purchase Date],1):tbl_computer[[#This Row],[Purchase Date]],">="&DATE(YEAR(tbl_computer[[#This Row],[Purchase Date]]),MONTH(tbl_computer[[#This Row],[Purchase Date]]),1),INDEX(tbl_computer[Purchase Date],1):tbl_computer[[#This Row],[Purchase Date]],"<"&EDATE(DATE(YEAR(tbl_computer[[#This Row],[Purchase Date]]),MONTH(tbl_computer[[#This Row],[Purchase Date]]),1),1),INDEX(tbl_computer[Categories],1):tbl_computer[[#This Row],[Categories]],tbl_computer[[#This Row],[Categories]]),"000")) -> 2601101042 | C55: 46023 | D55: PO-001 | E55: Jakarta | F55: Senayan Office | G55: Computer | H55: Notebook | I55: Dell Latitude 5450 | J55: NOTEBOOK | K55: PSI-PGT/0952 | L55: DELL | M55: Latitude 5450 | P55: W 11 Pro | AM55: Good | AN55: PSI | AO55: IT | AP55: Idle | AQ55: ex. Quentin Bonny | AU55: FALSE | AV55: =_xlfn.IFNA(INDEX(tbl_handover[No. Handover],MATCH(tbl_computer[[#This Row],[No Asset]],tbl_handover[Asset Code],0)),"")
A56: =IF(tbl_computer[[#This Row],[No Asset]]<>"",SUBTOTAL(3,INDEX(tbl_computer[No Asset],1):tbl_computer[[#This Row],[No Asset]]),"") -> 16 | B56: =IF(OR(tbl_computer[[#This Row],[Purchase Date]]="",tbl_computer[[#This Row],[Categories]]=""),"", TEXT(tbl_computer[[#This Row],[Purchase Date]],"YYMM")& _xlfn.XLOOKUP(tbl_computer[[#This Row],[Categories]],CODEX!$Z:$Z,CODEX!$W:$W,"")& TEXT(_xlfn.XLOOKUP(tbl_computer[[#This Row],[Categories]],CODEX!$Z:$Z,CODEX!$Y:$Y,""),"00")& TEXT(COUNTIFS(INDEX(tbl_computer[Purchase Date],1):tbl_computer[[#This Row],[Purchase Date]],">="&DATE(YEAR(tbl_computer[[#This Row],[Purchase Date]]),MONTH(tbl_computer[[#This Row],[Purchase Date]]),1),INDEX(tbl_computer[Purchase Date],1):tbl_computer[[#This Row],[Purchase Date]],"<"&EDATE(DATE(YEAR(tbl_computer[[#This Row],[Purchase Date]]),MONTH(tbl_computer[[#This Row],[Purchase Date]]),1),1),INDEX(tbl_computer[Categories],1):tbl_computer[[#This Row],[Categories]],tbl_computer[[#This Row],[Categories]]),"000")) -> 2601101043 | C56: 46023 | D56: PO-001 | E56: Patimban | F56: Engineer Room | G56: Computer | H56: Notebook | I56: Dell Latitude 5450 | J56: NOTEBOOK | K56: PSI-PGT/0952 | L56: DELL | M56: Latitude 5450 | P56: W 11 Pro | AM56: Good | AN56: PSI | AO56: IT | AP56: In used by User | AQ56: In used by Encep; ex. Desy | AU56: FALSE | AV56: =_xlfn.IFNA(INDEX(tbl_handover[No. Handover],MATCH(tbl_computer[[#This Row],[No Asset]],tbl_handover[Asset Code],0)),"")
A57: =IF(tbl_computer[[#This Row],[No Asset]]<>"",SUBTOTAL(3,INDEX(tbl_computer[No Asset],1):tbl_computer[[#This Row],[No Asset]]),"") -> 16 | B57: =IF(OR(tbl_computer[[#This Row],[Purchase Date]]="",tbl_computer[[#This Row],[Categories]]=""),"", TEXT(tbl_computer[[#This Row],[Purchase Date]],"YYMM")& _xlfn.XLOOKUP(tbl_computer[[#This Row],[Categories]],CODEX!$Z:$Z,CODEX!$W:$W,"")& TEXT(_xlfn.XLOOKUP(tbl_computer[[#This Row],[Categories]],CODEX!$Z:$Z,CODEX!$Y:$Y,""),"00")& TEXT(COUNTIFS(INDEX(tbl_computer[Purchase Date],1):tbl_computer[[#This Row],[Purchase Date]],">="&DATE(YEAR(tbl_computer[[#This Row],[Purchase Date]]),MONTH(tbl_computer[[#This Row],[Purchase Date]]),1),INDEX(tbl_computer[Purchase Date],1):tbl_computer[[#This Row],[Purchase Date]],"<"&EDATE(DATE(YEAR(tbl_computer[[#This Row],[Purchase Date]]),MONTH(tbl_computer[[#This Row],[Purchase Date]]),1),1),INDEX(tbl_computer[Categories],1):tbl_computer[[#This Row],[Categories]],tbl_computer[[#This Row],[Categories]]),"000")) -> 2601101044 | C57: 46023 | D57: PO-001 | E57: Patimban | F57: Office B PGT | G57: Computer | H57: Notebook | I57: Dell Latitude 3450 | J57: NOTEBOOK | K57: PSI-PGT/0745 | L57: DELL | M57: Latitude 3450 | P57: W 11 Pro | AM57: Good | AN57: PSI | AO57: IT | AP57: In used by User | AQ57: In used by Adriyan | AU57: FALSE | AV57: =_xlfn.IFNA(INDEX(tbl_handover[No. Handover],MATCH(tbl_computer[[#This Row],[No Asset]],tbl_handover[Asset Code],0)),"")
A58: =IF(tbl_computer[[#This Row],[No Asset]]<>"",SUBTOTAL(3,INDEX(tbl_computer[No Asset],1):tbl_computer[[#This Row],[No Asset]]),"") -> 16 | B58: =IF(OR(tbl_computer[[#This Row],[Purchase Date]]="",tbl_computer[[#This Row],[Categories]]=""),"", TEXT(tbl_computer[[#This Row],[Purchase Date]],"YYMM")& _xlfn.XLOOKUP(tbl_computer[[#This Row],[Categories]],CODEX!$Z:$Z,CODEX!$W:$W,"")& TEXT(_xlfn.XLOOKUP(tbl_computer[[#This Row],[Categories]],CODEX!$Z:$Z,CODEX!$Y:$Y,""),"00")& TEXT(COUNTIFS(INDEX(tbl_computer[Purchase Date],1):tbl_computer[[#This Row],[Purchase Date]],">="&DATE(YEAR(tbl_computer[[#This Row],[Purchase Date]]),MONTH(tbl_computer[[#This Row],[Purchase Date]]),1),INDEX(tbl_computer[Purchase Date],1):tbl_computer[[#This Row],[Purchase Date]],"<"&EDATE(DATE(YEAR(tbl_computer[[#This Row],[Purchase Date]]),MONTH(tbl_computer[[#This Row],[Purchase Date]]),1),1),INDEX(tbl_computer[Categories],1):tbl_computer[[#This Row],[Categories]],tbl_computer[[#This Row],[Categories]]),"000")) -> 2601101045 | C58: 46023 | D58: PO-001 | E58: Patimban | F58: Operations Room | G58: Computer | H58: Notebook | I58: Dell Latitude 5450 | J58: NOTEBOOK | K58: PSI-PGT/0745 | L58: DELL | M58: Latitude 5450 | P58: W 11 Pro | AM58: Good | AN58: PSI | AO58: IT | AP58: In used by User | AQ58: In used by Operation Staff | AU58: FALSE | AV58: =_xlfn.IFNA(INDEX(tbl_handover[No. Handover],MATCH(tbl_computer[[#This Row],[No Asset]],tbl_handover[Asset Code],0)),"")
A59: =IF(tbl_computer[[#This Row],[No Asset]]<>"",SUBTOTAL(3,INDEX(tbl_computer[No Asset],1):tbl_computer[[#This Row],[No Asset]]),"") -> 16 | B59: =IF(OR(tbl_computer[[#This Row],[Purchase Date]]="",tbl_computer[[#This Row],[Categories]]=""),"", TEXT(tbl_computer[[#This Row],[Purchase Date]],"YYMM")& _xlfn.XLOOKUP(tbl_computer[[#This Row],[Categories]],CODEX!$Z:$Z,CODEX!$W:$W,"")& TEXT(_xlfn.XLOOKUP(tbl_computer[[#This Row],[Categories]],CODEX!$Z:$Z,CODEX!$Y:$Y,""),"00")& TEXT(COUNTIFS(INDEX(tbl_computer[Purchase Date],1):tbl_computer[[#This Row],[Purchase Date]],">="&DATE(YEAR(tbl_computer[[#This Row],[Purchase Date]]),MONTH(tbl_computer[[#This Row],[Purchase Date]]),1),INDEX(tbl_computer[Purchase Date],1):tbl_computer[[#This Row],[Purchase Date]],"<"&EDATE(DATE(YEAR(tbl_computer[[#This Row],[Purchase Date]]),MONTH(tbl_computer[[#This Row],[Purchase Date]]),1),1),INDEX(tbl_computer[Categories],1):tbl_computer[[#This Row],[Categories]],tbl_computer[[#This Row],[Categories]]),"000")) -> 2601101046 | C59: 46023 | D59: PO-001 | E59: Patimban | F59: HSE Room | G59: Computer | H59: Notebook | I59: Dell Latitude 5450 | J59: NOTEBOOK | L59: DELL | M59: Latitude 5450 | P59: W 11 Pro | AM59: Good | AN59: PSI | AO59: IT | AP59: In used by User | AQ59: In used by Anggi - HSSE | AU59: FALSE | AV59: =_xlfn.IFNA(INDEX(tbl_handover[No. Handover],MATCH(tbl_computer[[#This Row],[No Asset]],tbl_handover[Asset Code],0)),"")
A60: =IF(tbl_computer[[#This Row],[No Asset]]<>"",SUBTOTAL(3,INDEX(tbl_computer[No Asset],1):tbl_computer[[#This Row],[No Asset]]),"") | B60: =IF(OR(tbl_computer[[#This Row],[Purchase Date]]="",tbl_computer[[#This Row],[Categories]]=""),"", TEXT(tbl_computer[[#This Row],[Purchase Date]],"YYMM")& _xlfn.XLOOKUP(tbl_computer[[#This Row],[Categories]],CODEX!$Z:$Z,CODEX!$W:$W,"")& TEXT(_xlfn.XLOOKUP(tbl_computer[[#This Row],[Categories]],CODEX!$Z:$Z,CODEX!$Y:$Y,""),"00")& TEXT(COUNTIFS(INDEX(tbl_computer[Purchase Date],1):tbl_computer[[#This Row],[Purchase Date]],">="&DATE(YEAR(tbl_computer[[#This Row],[Purchase Date]]),MONTH(tbl_computer[[#This Row],[Purchase Date]]),1),INDEX(tbl_computer[Purchase Date],1):tbl_computer[[#This Row],[Purchase Date]],"<"&EDATE(DATE(YEAR(tbl_computer[[#This Row],[Purchase Date]]),MONTH(tbl_computer[[#This Row],[Purchase Date]]),1),1),INDEX(tbl_computer[Categories],1):tbl_computer[[#This Row],[Categories]],tbl_computer[[#This Row],[Categories]]),"000")) | AU60: FALSE | AV60: =_xlfn.IFNA(INDEX(tbl_handover[No. Handover],MATCH(tbl_computer[[#This Row],[No Asset]],tbl_handover[Asset Code],0)),"")
A61: =IF(tbl_computer[[#This Row],[No Asset]]<>"",SUBTOTAL(3,INDEX(tbl_computer[No Asset],1):tbl_computer[[#This Row],[No Asset]]),"") | B61: =IF(OR(tbl_computer[[#This Row],[Purchase Date]]="",tbl_computer[[#This Row],[Categories]]=""),"", TEXT(tbl_computer[[#This Row],[Purchase Date]],"YYMM")& _xlfn.XLOOKUP(tbl_computer[[#This Row],[Categories]],CODEX!$Z:$Z,CODEX!$W:$W,"")& TEXT(_xlfn.XLOOKUP(tbl_computer[[#This Row],[Categories]],CODEX!$Z:$Z,CODEX!$Y:$Y,""),"00")& TEXT(COUNTIFS(INDEX(tbl_computer[Purchase Date],1):tbl_computer[[#This Row],[Purchase Date]],">="&DATE(YEAR(tbl_computer[[#This Row],[Purchase Date]]),MONTH(tbl_computer[[#This Row],[Purchase Date]]),1),INDEX(tbl_computer[Purchase Date],1):tbl_computer[[#This Row],[Purchase Date]],"<"&EDATE(DATE(YEAR(tbl_computer[[#This Row],[Purchase Date]]),MONTH(tbl_computer[[#This Row],[Purchase Date]]),1),1),INDEX(tbl_computer[Categories],1):tbl_computer[[#This Row],[Categories]],tbl_computer[[#This Row],[Categories]]),"000")) | AU61: FALSE | AV61: =_xlfn.IFNA(INDEX(tbl_handover[No. Handover],MATCH(tbl_computer[[#This Row],[No Asset]],tbl_handover[Asset Code],0)),"")
A62: =IF(tbl_computer[[#This Row],[No Asset]]<>"",SUBTOTAL(3,INDEX(tbl_computer[No Asset],1):tbl_computer[[#This Row],[No Asset]]),"") | B62: =IF(OR(tbl_computer[[#This Row],[Purchase Date]]="",tbl_computer[[#This Row],[Categories]]=""),"", TEXT(tbl_computer[[#This Row],[Purchase Date]],"YYMM")& _xlfn.XLOOKUP(tbl_computer[[#This Row],[Categories]],CODEX!$Z:$Z,CODEX!$W:$W,"")& TEXT(_xlfn.XLOOKUP(tbl_computer[[#This Row],[Categories]],CODEX!$Z:$Z,CODEX!$Y:$Y,""),"00")& TEXT(COUNTIFS(INDEX(tbl_computer[Purchase Date],1):tbl_computer[[#This Row],[Purchase Date]],">="&DATE(YEAR(tbl_computer[[#This Row],[Purchase Date]]),MONTH(tbl_computer[[#This Row],[Purchase Date]]),1),INDEX(tbl_computer[Purchase Date],1):tbl_computer[[#This Row],[Purchase Date]],"<"&EDATE(DATE(YEAR(tbl_computer[[#This Row],[Purchase Date]]),MONTH(tbl_computer[[#This Row],[Purchase Date]]),1),1),INDEX(tbl_computer[Categories],1):tbl_computer[[#This Row],[Categories]],tbl_computer[[#This Row],[Categories]]),"000")) | AU62: FALSE | AV62: =_xlfn.IFNA(INDEX(tbl_handover[No. Handover],MATCH(tbl_computer[[#This Row],[No Asset]],tbl_handover[Asset Code],0)),"")

Sheet DISPLAY
A1: 2 | B1: Sample : TTBBKSK000 | C1: Asset Order | E1: Asset ( Category 2 - Display ) | Q1: Connectivity / Port (1/2/3) | Z1: Image Device
A2: No | B2: No Asset | C2: Purchase Date | D2: No PO | E2: Location | F2: Current Location | G2: Categories | H2: Sub-Cat | I2: Hostname | J2: Device Name | K2: Short Name | L2: S/N Unit | M2: Model | N2: Type | O2: Resolution | P2: Panel Size | Q2: VGA | R2: HDMI | S2: LAN | T2: WIFI | U2: USB | V2: Device Condition | W2: Ownership | X2: Usage Status | Y2: Notes | Z2: img_1 | AA2: img_2 | AB2: img_3 | AC2: Labeling | AD2: Handover Doc
A3: =IF(tbl_display[[#This Row],[No Asset]]<>"",SUBTOTAL(3,INDEX(tbl_display[No Asset],1):tbl_display[[#This Row],[No Asset]]),"") -> 1 | B3: =IF(OR(tbl_display[[#This Row],[Purchase Date]]="",tbl_display[[#This Row],[Categories]]=""),"", TEXT(tbl_display[[#This Row],[Purchase Date]],"YYMM")& _xlfn.XLOOKUP(tbl_display[[#This Row],[Categories]],CODEX!$Z:$Z,CODEX!$W:$W,"")& TEXT(_xlfn.XLOOKUP(tbl_display[[#This Row],[Categories]],CODEX!$Z:$Z,CODEX!$Y:$Y,""),"00")& TEXT(COUNTIFS(INDEX(tbl_display[Purchase Date],1):tbl_display[[#This Row],[Purchase Date]],">="&DATE(YEAR(tbl_display[[#This Row],[Purchase Date]]),MONTH(tbl_display[[#This Row],[Purchase Date]]),1),INDEX(tbl_display[Purchase Date],1):tbl_display[[#This Row],[Purchase Date]],"<"&EDATE(DATE(YEAR(tbl_display[[#This Row],[Purchase Date]]),MONTH(tbl_display[[#This Row],[Purchase Date]]),1),1),INDEX(tbl_display[Categories],1):tbl_display[[#This Row],[Categories]],tbl_display[[#This Row],[Categories]]),"000")) -> 2601102001 | C3: 46023 | D3: PO-0001 | E3: Patimban | F3: KSOP Building | G3: Display | H3: TV | I3: PBTVIT-KSOP | J3: SMART TV SAMSUNG 50 INCH | K3: TV 50" SET | L3: 0ZMW3NFY409326A | M3: UA50U8000FK | N3: UA50U8000 | O3: 4K UHD (3.840 x 2.160 piksel) | P3: 50" | Q3: N/A | R3: 3 | S3: 1 | T3: 1 | U3: 1 | V3: Good | W3: PGT | X3: Shared | Y3: Exchange from Enggineer Room | AC3: TRUE | AD3: =_xlfn.IFNA(INDEX(tbl_handover[No. Handover],MATCH(tbl_display[[#This Row],[No Asset]],tbl_handover[Asset Code],0)),"") -> SR.26.09.0002/IX/2026/PGT/IT/INT
A4: =IF(tbl_display[[#This Row],[No Asset]]<>"",SUBTOTAL(3,INDEX(tbl_display[No Asset],1):tbl_display[[#This Row],[No Asset]]),"") -> 2 | B4: =IF(OR(tbl_display[[#This Row],[Purchase Date]]="",tbl_display[[#This Row],[Categories]]=""),"", TEXT(tbl_display[[#This Row],[Purchase Date]],"YYMM")& _xlfn.XLOOKUP(tbl_display[[#This Row],[Categories]],CODEX!$Z:$Z,CODEX!$W:$W,"")& TEXT(_xlfn.XLOOKUP(tbl_display[[#This Row],[Categories]],CODEX!$Z:$Z,CODEX!$Y:$Y,""),"00")& TEXT(COUNTIFS(INDEX(tbl_display[Purchase Date],1):tbl_display[[#This Row],[Purchase Date]],">="&DATE(YEAR(tbl_display[[#This Row],[Purchase Date]]),MONTH(tbl_display[[#This Row],[Purchase Date]]),1),INDEX(tbl_display[Purchase Date],1):tbl_display[[#This Row],[Purchase Date]],"<"&EDATE(DATE(YEAR(tbl_display[[#This Row],[Purchase Date]]),MONTH(tbl_display[[#This Row],[Purchase Date]]),1),1),INDEX(tbl_display[Categories],1):tbl_display[[#This Row],[Categories]],tbl_display[[#This Row],[Categories]]),"000")) -> 2601102002 | C4: 46023 | D4: PO-0001 | E4: Patimban | F4: Customs Building | G4: Display | H4: TV | I4: PBTVIT-CUSTMS | J4: SMART TV SAMSUNG 55 INCH | K4: TV 55" SET | L4: 0TSV3NDX900291Z | M4: UA55DU8000K | N4: UA55DU8000 | O4: 4K UHD (3.840 x 2.160 piksel) | P4: 55" | Q4: N/A | R4: 3 | S4: 1 | T4: 1 | U4: 2 | V4: Good | W4: PGT | X4: Shared | Y4: Exchange from Operations Room | AC4: TRUE | AD4: =_xlfn.IFNA(INDEX(tbl_handover[No. Handover],MATCH(tbl_display[[#This Row],[No Asset]],tbl_handover[Asset Code],0)),"") -> SR.26.09.0001/IX/2026/PGT/IT/INT
A5: =IF(tbl_display[[#This Row],[No Asset]]<>"",SUBTOTAL(3,INDEX(tbl_display[No Asset],1):tbl_display[[#This Row],[No Asset]]),"") -> 3 | B5: =IF(OR(tbl_display[[#This Row],[Purchase Date]]="",tbl_display[[#This Row],[Categories]]=""),"", TEXT(tbl_display[[#This Row],[Purchase Date]],"YYMM")& _xlfn.XLOOKUP(tbl_display[[#This Row],[Categories]],CODEX!$Z:$Z,CODEX!$W:$W,"")& TEXT(_xlfn.XLOOKUP(tbl_display[[#This Row],[Categories]],CODEX!$Z:$Z,CODEX!$Y:$Y,""),"00")& TEXT(COUNTIFS(INDEX(tbl_display[Purchase Date],1):tbl_display[[#This Row],[Purchase Date]],">="&DATE(YEAR(tbl_display[[#This Row],[Purchase Date]]),MONTH(tbl_display[[#This Row],[Purchase Date]]),1),INDEX(tbl_display[Purchase Date],1):tbl_display[[#This Row],[Purchase Date]],"<"&EDATE(DATE(YEAR(tbl_display[[#This Row],[Purchase Date]]),MONTH(tbl_display[[#This Row],[Purchase Date]]),1),1),INDEX(tbl_display[Categories],1):tbl_display[[#This Row],[Categories]],tbl_display[[#This Row],[Categories]]),"000")) -> 2601102003 | C5: 46023 | D5: PO-0001 | E5: Patimban | F5: Office B PGT | G5: Display | H5: TV | I5: PBTVIT-GEDUNGB | J5: SMART TV SAMSUNG 55 INCH | K5: TV 55" SET | L5: 501INCN6C763 | M5: 55UT8050PSB | N5: 55UT8050 | O5: 4K Ultra HD (3.840 x 2.160 piksel) | P5: 55" | Q5: N/A | R5: 3 | S5: 1 | T5: 1 | U5: 2 | V5: Good | W5: PGT | X5: Shared | Y5: Exchange from Customs Office | AC5: TRUE | AD5: =_xlfn.IFNA(INDEX(tbl_handover[No. Handover],MATCH(tbl_display[[#This Row],[No Asset]],tbl_handover[Asset Code],0)),"")
A6: =IF(tbl_display[[#This Row],[No Asset]]<>"",SUBTOTAL(3,INDEX(tbl_display[No Asset],1):tbl_display[[#This Row],[No Asset]]),"") -> 4 | B6: =IF(OR(tbl_display[[#This Row],[Purchase Date]]="",tbl_display[[#This Row],[Categories]]=""),"", TEXT(tbl_display[[#This Row],[Purchase Date]],"YYMM")& _xlfn.XLOOKUP(tbl_display[[#This Row],[Categories]],CODEX!$Z:$Z,CODEX!$W:$W,"")& TEXT(_xlfn.XLOOKUP(tbl_display[[#This Row],[Categories]],CODEX!$Z:$Z,CODEX!$Y:$Y,""),"00")& TEXT(COUNTIFS(INDEX(tbl_display[Purchase Date],1):tbl_display[[#This Row],[Purchase Date]],">="&DATE(YEAR(tbl_display[[#This Row],[Purchase Date]]),MONTH(tbl_display[[#This Row],[Purchase Date]]),1),INDEX(tbl_display[Purchase Date],1):tbl_display[[#This Row],[Purchase Date]],"<"&EDATE(DATE(YEAR(tbl_display[[#This Row],[Purchase Date]]),MONTH(tbl_display[[#This Row],[Purchase Date]]),1),1),INDEX(tbl_display[Categories],1):tbl_display[[#This Row],[Categories]],tbl_display[[#This Row],[Categories]]),"000")) -> 2601102004 | C6: 46023 | D6: PO-0001 | E6: Patimban | F6: HSE Room | G6: Display | H6: TV | I6: PBTVIT-HSE | J6: SMART TV SAMSUNG 50 INCH | K6: TV 50" SET | L6: 0ZMW3NFY405632J | M6: UA50U8000FK | N6: UA50U8000 | O6: 4K UHD (3.840 x 2.160 piksel) | P6: 50" | Q6: N/A | R6: 3 | S6: 1 | T6: 1 | U6: 1 | V6: Good | W6: PGT | X6: Shared | Y6: Exchange from Building B | AC6: TRUE | AD6: =_xlfn.IFNA(INDEX(tbl_handover[No. Handover],MATCH(tbl_display[[#This Row],[No Asset]],tbl_handover[Asset Code],0)),"") -> SR.26.09.0004/IX/2026/PGT/IT/INT
A7: =IF(tbl_display[[#This Row],[No Asset]]<>"",SUBTOTAL(3,INDEX(tbl_display[No Asset],1):tbl_display[[#This Row],[No Asset]]),"") -> 5 | B7: =IF(OR(tbl_display[[#This Row],[Purchase Date]]="",tbl_display[[#This Row],[Categories]]=""),"", TEXT(tbl_display[[#This Row],[Purchase Date]],"YYMM")& _xlfn.XLOOKUP(tbl_display[[#This Row],[Categories]],CODEX!$Z:$Z,CODEX!$W:$W,"")& TEXT(_xlfn.XLOOKUP(tbl_display[[#This Row],[Categories]],CODEX!$Z:$Z,CODEX!$Y:$Y,""),"00")& TEXT(COUNTIFS(INDEX(tbl_display[Purchase Date],1):tbl_display[[#This Row],[Purchase Date]],">="&DATE(YEAR(tbl_display[[#This Row],[Purchase Date]]),MONTH(tbl_display[[#This Row],[Purchase Date]]),1),INDEX(tbl_display[Purchase Date],1):tbl_display[[#This Row],[Purchase Date]],"<"&EDATE(DATE(YEAR(tbl_display[[#This Row],[Purchase Date]]),MONTH(tbl_display[[#This Row],[Purchase Date]]),1),1),INDEX(tbl_display[Categories],1):tbl_display[[#This Row],[Categories]],tbl_display[[#This Row],[Categories]]),"000")) -> 2609102001 | C7: 46268 | D7: PO-0002 | E7: Patimban | F7: Customs Gate-Out | G7: Display | H7: Monitor | I7: PBPCIT-GATEOUT | J7: SAMSUNG MONITOR 27 INCH | K7: MONITOR 27" | L7: 0XRKHNAYB00221H | M7: S27F320GAE | N7: F27F320GA | O7: IPS Full HD (1920×1080) – 120 Hz | P7: 27" | Q7: N/A | R7: 2 | S7: N/A | T7: N/A | U7: N/A | V7: New | W7: PGT | X7: In used by User | Y7: Monitor for asset 2609101005 | AC7: TRUE | AD7: =_xlfn.IFNA(INDEX(tbl_handover[No. Handover],MATCH(tbl_display[[#This Row],[No Asset]],tbl_handover[Asset Code],0)),"")
A8: =IF(tbl_display[[#This Row],[No Asset]]<>"",SUBTOTAL(3,INDEX(tbl_display[No Asset],1):tbl_display[[#This Row],[No Asset]]),"") -> 6 | B8: =IF(OR(tbl_display[[#This Row],[Purchase Date]]="",tbl_display[[#This Row],[Categories]]=""),"", TEXT(tbl_display[[#This Row],[Purchase Date]],"YYMM")& _xlfn.XLOOKUP(tbl_display[[#This Row],[Categories]],CODEX!$Z:$Z,CODEX!$W:$W,"")& TEXT(_xlfn.XLOOKUP(tbl_display[[#This Row],[Categories]],CODEX!$Z:$Z,CODEX!$Y:$Y,""),"00")& TEXT(COUNTIFS(INDEX(tbl_display[Purchase Date],1):tbl_display[[#This Row],[Purchase Date]],">="&DATE(YEAR(tbl_display[[#This Row],[Purchase Date]]),MONTH(tbl_display[[#This Row],[Purchase Date]]),1),INDEX(tbl_display[Purchase Date],1):tbl_display[[#This Row],[Purchase Date]],"<"&EDATE(DATE(YEAR(tbl_display[[#This Row],[Purchase Date]]),MONTH(tbl_display[[#This Row],[Purchase Date]]),1),1),INDEX(tbl_display[Categories],1):tbl_display[[#This Row],[Categories]],tbl_display[[#This Row],[Categories]]),"000")) -> 2609102002 | C8: 46268 | D8: PO-0002 | E8: Patimban | F8: Labour Room | G8: Display | H8: Monitor | I8: PBPCOP-LABOUR2 | J8: SAMSUNG MONITOR 27 INCH | K8: MONITOR 27" | L8: 0XRKHNAL100050W | M8: S27F320GAE | N8: F27F320GA | O8: IPS Full HD (1920×1080) – 120 Hz | P8: 27" | Q8: N/A | R8: 2 | S8: N/A | T8: N/A | U8: N/A | V8: New | W8: PGT | X8: In used by User | Y8: Monitor for asset 2609101002 | AC8: TRUE | AD8: =_xlfn.IFNA(INDEX(tbl_handover[No. Handover],MATCH(tbl_display[[#This Row],[No Asset]],tbl_handover[Asset Code],0)),"") -> SR.26.09.0005/IX/2026/PGT/IT/INT
A9: =IF(tbl_display[[#This Row],[No Asset]]<>"",SUBTOTAL(3,INDEX(tbl_display[No Asset],1):tbl_display[[#This Row],[No Asset]]),"") -> 7 | B9: =IF(OR(tbl_display[[#This Row],[Purchase Date]]="",tbl_display[[#This Row],[Categories]]=""),"", TEXT(tbl_display[[#This Row],[Purchase Date]],"YYMM")& _xlfn.XLOOKUP(tbl_display[[#This Row],[Categories]],CODEX!$Z:$Z,CODEX!$W:$W,"")& TEXT(_xlfn.XLOOKUP(tbl_display[[#This Row],[Categories]],CODEX!$Z:$Z,CODEX!$Y:$Y,""),"00")& TEXT(COUNTIFS(INDEX(tbl_display[Purchase Date],1):tbl_display[[#This Row],[Purchase Date]],">="&DATE(YEAR(tbl_display[[#This Row],[Purchase Date]]),MONTH(tbl_display[[#This Row],[Purchase Date]]),1),INDEX(tbl_display[Purchase Date],1):tbl_display[[#This Row],[Purchase Date]],"<"&EDATE(DATE(YEAR(tbl_display[[#This Row],[Purchase Date]]),MONTH(tbl_display[[#This Row],[Purchase Date]]),1),1),INDEX(tbl_display[Categories],1):tbl_display[[#This Row],[Categories]],tbl_display[[#This Row],[Categories]]),"000")) -> 2609102003 | C9: 46268 | D9: PO-0002 | E9: Patimban | F9: Engineer Room | G9: Display | H9: Monitor | I9: PBPCIT-ASSET260801 | J9: SAMSUNG MONITOR 27 INCH | K9: MONITOR 27" | L9: 0XRKHNCL200077A | M9: S27F320GAE | N9: F27F320GA | O9: IPS Full HD (1920×1080) – 120 Hz | P9: 27" | Q9: N/A | R9: 2 | S9: N/A | T9: N/A | U9: N/A | V9: New | W9: PGT | X9: Idle | Y9: Monitor for asset 2609101003 | AC9: TRUE | AD9: =_xlfn.IFNA(INDEX(tbl_handover[No. Handover],MATCH(tbl_display[[#This Row],[No Asset]],tbl_handover[Asset Code],0)),"")
A10: =IF(tbl_display[[#This Row],[No Asset]]<>"",SUBTOTAL(3,INDEX(tbl_display[No Asset],1):tbl_display[[#This Row],[No Asset]]),"") -> 8 | B10: =IF(OR(tbl_display[[#This Row],[Purchase Date]]="",tbl_display[[#This Row],[Categories]]=""),"", TEXT(tbl_display[[#This Row],[Purchase Date]],"YYMM")& _xlfn.XLOOKUP(tbl_display[[#This Row],[Categories]],CODEX!$Z:$Z,CODEX!$W:$W,"")& TEXT(_xlfn.XLOOKUP(tbl_display[[#This Row],[Categories]],CODEX!$Z:$Z,CODEX!$Y:$Y,""),"00")& TEXT(COUNTIFS(INDEX(tbl_display[Purchase Date],1):tbl_display[[#This Row],[Purchase Date]],">="&DATE(YEAR(tbl_display[[#This Row],[Purchase Date]]),MONTH(tbl_display[[#This Row],[Purchase Date]]),1),INDEX(tbl_display[Purchase Date],1):tbl_display[[#This Row],[Purchase Date]],"<"&EDATE(DATE(YEAR(tbl_display[[#This Row],[Purchase Date]]),MONTH(tbl_display[[#This Row],[Purchase Date]]),1),1),INDEX(tbl_display[Categories],1):tbl_display[[#This Row],[Categories]],tbl_display[[#This Row],[Categories]]),"000")) -> 2609102004 | C10: 46268 | D10: PO-0002 | E10: Patimban | F10: Engineer Room | G10: Display | H10: Monitor | I10: PBPCEQ-STAFF2 | J10: SAMSUNG MONITOR 27 INCH | K10: MONITOR 27" | L10: 0XRKHNAYB00199A | M10: S27F320GAE | N10: F27F320GA | O10: IPS Full HD (1920×1080) – 120 Hz | P10: 27" | Q10: N/A | R10: 2 | S10: N/A | T10: N/A | U10: N/A | V10: New | W10: PGT | X10: Idle | Y10: Monitor for asset 2609101004 | AC10: TRUE | AD10: =_xlfn.IFNA(INDEX(tbl_handover[No. Handover],MATCH(tbl_display[[#This Row],[No Asset]],tbl_handover[Asset Code],0)),"")
A11: =IF(tbl_display[[#This Row],[No Asset]]<>"",SUBTOTAL(3,INDEX(tbl_display[No Asset],1):tbl_display[[#This Row],[No Asset]]),"") -> 9 | B11: =IF(OR(tbl_display[[#This Row],[Purchase Date]]="",tbl_display[[#This Row],[Categories]]=""),"", TEXT(tbl_display[[#This Row],[Purchase Date]],"YYMM")& _xlfn.XLOOKUP(tbl_display[[#This Row],[Categories]],CODEX!$Z:$Z,CODEX!$W:$W,"")& TEXT(_xlfn.XLOOKUP(tbl_display[[#This Row],[Categories]],CODEX!$Z:$Z,CODEX!$Y:$Y,""),"00")& TEXT(COUNTIFS(INDEX(tbl_display[Purchase Date],1):tbl_display[[#This Row],[Purchase Date]],">="&DATE(YEAR(tbl_display[[#This Row],[Purchase Date]]),MONTH(tbl_display[[#This Row],[Purchase Date]]),1),INDEX(tbl_display[Purchase Date],1):tbl_display[[#This Row],[Purchase Date]],"<"&EDATE(DATE(YEAR(tbl_display[[#This Row],[Purchase Date]]),MONTH(tbl_display[[#This Row],[Purchase Date]]),1),1),INDEX(tbl_display[Categories],1):tbl_display[[#This Row],[Categories]],tbl_display[[#This Row],[Categories]]),"000")) -> 2609102005 | C11: 46268 | D11: PO-0002 | E11: Patimban | F11: Engineer Room | G11: Display | H11: TV | I11: PBTVIT-ENGINEER | J11: SMART TV SAMSUNG 65 INCH | K11: TV 65" SET | L11: 140S3NGL800300Z | M11: UA65U8500HKXXD | N11: UA65U8500 | O11: 4K UHD (3.840 x 2.160 piksel) | P11: 65" | Q11: N/A | R11: 3 | S11: 1 | T11: 1 | U11: 1 | V11: New | W11: PGT | X11: Shared | AC11: TRUE | AD11: =_xlfn.IFNA(INDEX(tbl_handover[No. Handover],MATCH(tbl_display[[#This Row],[No Asset]],tbl_handover[Asset Code],0)),"") -> SR.26.09.0003/IX/2026/PGT/IT/INT
A12: =IF(tbl_display[[#This Row],[No Asset]]<>"",SUBTOTAL(3,INDEX(tbl_display[No Asset],1):tbl_display[[#This Row],[No Asset]]),"") -> 10 | B12: =IF(OR(tbl_display[[#This Row],[Purchase Date]]="",tbl_display[[#This Row],[Categories]]=""),"", TEXT(tbl_display[[#This Row],[Purchase Date]],"YYMM")& _xlfn.XLOOKUP(tbl_display[[#This Row],[Categories]],CODEX!$Z:$Z,CODEX!$W:$W,"")& TEXT(_xlfn.XLOOKUP(tbl_display[[#This Row],[Categories]],CODEX!$Z:$Z,CODEX!$Y:$Y,""),"00")& TEXT(COUNTIFS(INDEX(tbl_display[Purchase Date],1):tbl_display[[#This Row],[Purchase Date]],">="&DATE(YEAR(tbl_display[[#This Row],[Purchase Date]]),MONTH(tbl_display[[#This Row],[Purchase Date]]),1),INDEX(tbl_display[Purchase Date],1):tbl_display[[#This Row],[Purchase Date]],"<"&EDATE(DATE(YEAR(tbl_display[[#This Row],[Purchase Date]]),MONTH(tbl_display[[#This Row],[Purchase Date]]),1),1),INDEX(tbl_display[Categories],1):tbl_display[[#This Row],[Categories]],tbl_display[[#This Row],[Categories]]),"000")) -> 2601102005 | C12: 46023 | D12: PO-0001 | E12: Patimban | F12: Operations Room | G12: Display | H12: Monitor | I12: PBPCOP-BERTHING | J12: SAMSUNG MONITOR CURVED 32 INCH | K12: C.MONITOR 32" | L12: 6RLFHBAY300399B | M12: S32D396GAE | N12: S32D396GA | O12: VA FHD 16:9 (1,920 x 1,080) 95% SRGB | P12: 32" | Q12: 1 | R12: 1 | S12: N/A | T12: N/A | U12: 1 | V12: Good | W12: PGT | X12: In used by User | AC12: FALSE | AD12: =_xlfn.IFNA(INDEX(tbl_handover[No. Handover],MATCH(tbl_display[[#This Row],[No Asset]],tbl_handover[Asset Code],0)),"")
A13: =IF(tbl_display[[#This Row],[No Asset]]<>"",SUBTOTAL(3,INDEX(tbl_display[No Asset],1):tbl_display[[#This Row],[No Asset]]),"") -> 11 | B13: =IF(OR(tbl_display[[#This Row],[Purchase Date]]="",tbl_display[[#This Row],[Categories]]=""),"", TEXT(tbl_display[[#This Row],[Purchase Date]],"YYMM")& _xlfn.XLOOKUP(tbl_display[[#This Row],[Categories]],CODEX!$Z:$Z,CODEX!$W:$W,"")& TEXT(_xlfn.XLOOKUP(tbl_display[[#This Row],[Categories]],CODEX!$Z:$Z,CODEX!$Y:$Y,""),"00")& TEXT(COUNTIFS(INDEX(tbl_display[Purchase Date],1):tbl_display[[#This Row],[Purchase Date]],">="&DATE(YEAR(tbl_display[[#This Row],[Purchase Date]]),MONTH(tbl_display[[#This Row],[Purchase Date]]),1),INDEX(tbl_display[Purchase Date],1):tbl_display[[#This Row],[Purchase Date]],"<"&EDATE(DATE(YEAR(tbl_display[[#This Row],[Purchase Date]]),MONTH(tbl_display[[#This Row],[Purchase Date]]),1),1),INDEX(tbl_display[Categories],1):tbl_display[[#This Row],[Categories]],tbl_display[[#This Row],[Categories]]),"000")) -> 2601102006 | C13: 46023 | D13: PO-0001 | E13: Patimban | F13: Security Pos 1 | G13: Display | H13: Monitor | I13: PBPCHS-SECURITY | J13: DELL MONITOR 27 INCH | K13: MONITOR 27" | P13: 27" | Q13: 1 | R13: 1 | S13: N/A | T13: N/A | U13: N/A | V13: Good | W13: PGT | X13: In used by User | AC13: TRUE | AD13: =_xlfn.IFNA(INDEX(tbl_handover[No. Handover],MATCH(tbl_display[[#This Row],[No Asset]],tbl_handover[Asset Code],0)),"")
A14: =IF(tbl_display[[#This Row],[No Asset]]<>"",SUBTOTAL(3,INDEX(tbl_display[No Asset],1):tbl_display[[#This Row],[No Asset]]),"") -> 12 | B14: =IF(OR(tbl_display[[#This Row],[Purchase Date]]="",tbl_display[[#This Row],[Categories]]=""),"", TEXT(tbl_display[[#This Row],[Purchase Date]],"YYMM")& _xlfn.XLOOKUP(tbl_display[[#This Row],[Categories]],CODEX!$Z:$Z,CODEX!$W:$W,"")& TEXT(_xlfn.XLOOKUP(tbl_display[[#This Row],[Categories]],CODEX!$Z:$Z,CODEX!$Y:$Y,""),"00")& TEXT(COUNTIFS(INDEX(tbl_display[Purchase Date],1):tbl_display[[#This Row],[Purchase Date]],">="&DATE(YEAR(tbl_display[[#This Row],[Purchase Date]]),MONTH(tbl_display[[#This Row],[Purchase Date]]),1),INDEX(tbl_display[Purchase Date],1):tbl_display[[#This Row],[Purchase Date]],"<"&EDATE(DATE(YEAR(tbl_display[[#This Row],[Purchase Date]]),MONTH(tbl_display[[#This Row],[Purchase Date]]),1),1),INDEX(tbl_display[Categories],1):tbl_display[[#This Row],[Categories]],tbl_display[[#This Row],[Categories]]),"000")) -> 2601102007 | C14: 46023 | D14: PO-0001 | E14: Patimban | F14: Customs Gate-In | G14: Display | H14: Monitor | I14: PBPCBC-GATEIN | J14: HP MONITOR 27 INCH | K14: MONITOR 27" | M14: HSD-0189-V | N14: HSD-0189 | O14: Full HD (1920 x 1080 piksel) | P14: 27" | Q14: 1 | R14: 1 | S14: N/A | T14: N/A | U14: N/A | V14: Good | W14: PGT | X14: In used by User | AC14: FALSE | AD14: =_xlfn.IFNA(INDEX(tbl_handover[No. Handover],MATCH(tbl_display[[#This Row],[No Asset]],tbl_handover[Asset Code],0)),"")
A15: =IF(tbl_display[[#This Row],[No Asset]]<>"",SUBTOTAL(3,INDEX(tbl_display[No Asset],1):tbl_display[[#This Row],[No Asset]]),"") -> 13 | B15: =IF(OR(tbl_display[[#This Row],[Purchase Date]]="",tbl_display[[#This Row],[Categories]]=""),"", TEXT(tbl_display[[#This Row],[Purchase Date]],"YYMM")& _xlfn.XLOOKUP(tbl_display[[#This Row],[Categories]],CODEX!$Z:$Z,CODEX!$W:$W,"")& TEXT(_xlfn.XLOOKUP(tbl_display[[#This Row],[Categories]],CODEX!$Z:$Z,CODEX!$Y:$Y,""),"00")& TEXT(COUNTIFS(INDEX(tbl_display[Purchase Date],1):tbl_display[[#This Row],[Purchase Date]],">="&DATE(YEAR(tbl_display[[#This Row],[Purchase Date]]),MONTH(tbl_display[[#This Row],[Purchase Date]]),1),INDEX(tbl_display[Purchase Date],1):tbl_display[[#This Row],[Purchase Date]],"<"&EDATE(DATE(YEAR(tbl_display[[#This Row],[Purchase Date]]),MONTH(tbl_display[[#This Row],[Purchase Date]]),1),1),INDEX(tbl_display[Categories],1):tbl_display[[#This Row],[Categories]],tbl_display[[#This Row],[Categories]]),"000")) -> 2601102008 | C15: 46023 | D15: PO-0001 | E15: Patimban | F15: HSE Room | G15: Display | H15: Monitor | I15: PBPCHS-HSSE | J15: HP MONITOR 27 INCH | K15: MONITOR 27" | M15: HSD-0189-V | N15: HSD-0189 | O15: Full HD (1920 x 1080 piksel) | P15: 27" | Q15: 1 | R15: 1 | S15: N/A | T15: N/A | U15: N/A | V15: Good | W15: PGT | X15: In used by User | AC15: TRUE | AD15: =_xlfn.IFNA(INDEX(tbl_handover[No. Handover],MATCH(tbl_display[[#This Row],[No Asset]],tbl_handover[Asset Code],0)),"") -> SR.26.09.0011/IX/2026/PGT/IT/INT
A16: =IF(tbl_display[[#This Row],[No Asset]]<>"",SUBTOTAL(3,INDEX(tbl_display[No Asset],1):tbl_display[[#This Row],[No Asset]]),"") -> 14 | B16: =IF(OR(tbl_display[[#This Row],[Purchase Date]]="",tbl_display[[#This Row],[Categories]]=""),"", TEXT(tbl_display[[#This Row],[Purchase Date]],"YYMM")& _xlfn.XLOOKUP(tbl_display[[#This Row],[Categories]],CODEX!$Z:$Z,CODEX!$W:$W,"")& TEXT(_xlfn.XLOOKUP(tbl_display[[#This Row],[Categories]],CODEX!$Z:$Z,CODEX!$Y:$Y,""),"00")& TEXT(COUNTIFS(INDEX(tbl_display[Purchase Date],1):tbl_display[[#This Row],[Purchase Date]],">="&DATE(YEAR(tbl_display[[#This Row],[Purchase Date]]),MONTH(tbl_display[[#This Row],[Purchase Date]]),1),INDEX(tbl_display[Purchase Date],1):tbl_display[[#This Row],[Purchase Date]],"<"&EDATE(DATE(YEAR(tbl_display[[#This Row],[Purchase Date]]),MONTH(tbl_display[[#This Row],[Purchase Date]]),1),1),INDEX(tbl_display[Categories],1):tbl_display[[#This Row],[Categories]],tbl_display[[#This Row],[Categories]]),"000")) -> 2601102009 | C16: 46023 | D16: PO-0001 | E16: Patimban | F16: Engineer Room | G16: Display | H16: Monitor | I16: PBPCIT-ASSET | J16: LENOVO MONITOR 27 INCH | K16: MONITOR 27" | L16: 1S67DEKAC1WWUT100LDA | M16: UT100LDA | N16: L27-4C | O16: FHD 144Hz - 99% sRGB - 1500:1 | P16: 27" | Q16: 1 | R16: 1 | S16: N/A | T16: N/A | U16: N/A | V16: Good | W16: PGT | X16: In used by User | Y16: Paulus desk | AC16: TRUE | AD16: =_xlfn.IFNA(INDEX(tbl_handover[No. Handover],MATCH(tbl_display[[#This Row],[No Asset]],tbl_handover[Asset Code],0)),"")
A17: =IF(tbl_display[[#This Row],[No Asset]]<>"",SUBTOTAL(3,INDEX(tbl_display[No Asset],1):tbl_display[[#This Row],[No Asset]]),"") -> 15 | B17: =IF(OR(tbl_display[[#This Row],[Purchase Date]]="",tbl_display[[#This Row],[Categories]]=""),"", TEXT(tbl_display[[#This Row],[Purchase Date]],"YYMM")& _xlfn.XLOOKUP(tbl_display[[#This Row],[Categories]],CODEX!$Z:$Z,CODEX!$W:$W,"")& TEXT(_xlfn.XLOOKUP(tbl_display[[#This Row],[Categories]],CODEX!$Z:$Z,CODEX!$Y:$Y,""),"00")& TEXT(COUNTIFS(INDEX(tbl_display[Purchase Date],1):tbl_display[[#This Row],[Purchase Date]],">="&DATE(YEAR(tbl_display[[#This Row],[Purchase Date]]),MONTH(tbl_display[[#This Row],[Purchase Date]]),1),INDEX(tbl_display[Purchase Date],1):tbl_display[[#This Row],[Purchase Date]],"<"&EDATE(DATE(YEAR(tbl_display[[#This Row],[Purchase Date]]),MONTH(tbl_display[[#This Row],[Purchase Date]]),1),1),INDEX(tbl_display[Categories],1):tbl_display[[#This Row],[Categories]],tbl_display[[#This Row],[Categories]]),"000")) -> 2609102006 | C17: 46268 | D17: PO-0002 | E17: Patimban | F17: Operations Room | G17: Display | H17: TV | I17: PBTVIT-OPERATIONS | J17: SMART TV SAMSUNG 65 INCH | K17: TV 65" SET | L17: 140S3NGL80030DH | M17: UA65U8500HKXXD | N17: UA65U8500 | O17: 4K UHD (3.840 x 2.160 piksel) | P17: 65" | Q17: N/A | R17: 3 | S17: 1 | T17: 1 | U17: 1 | V17: New | W17: PGT | X17: Shared | AC17: TRUE | AD17: =_xlfn.IFNA(INDEX(tbl_handover[No. Handover],MATCH(tbl_display[[#This Row],[No Asset]],tbl_handover[Asset Code],0)),"")
A18: =IF(tbl_display[[#This Row],[No Asset]]<>"",SUBTOTAL(3,INDEX(tbl_display[No Asset],1):tbl_display[[#This Row],[No Asset]]),"") -> 16 | B18: =IF(OR(tbl_display[[#This Row],[Purchase Date]]="",tbl_display[[#This Row],[Categories]]=""),"", TEXT(tbl_display[[#This Row],[Purchase Date]],"YYMM")& _xlfn.XLOOKUP(tbl_display[[#This Row],[Categories]],CODEX!$Z:$Z,CODEX!$W:$W,"")& TEXT(_xlfn.XLOOKUP(tbl_display[[#This Row],[Categories]],CODEX!$Z:$Z,CODEX!$Y:$Y,""),"00")& TEXT(COUNTIFS(INDEX(tbl_display[Purchase Date],1):tbl_display[[#This Row],[Purchase Date]],">="&DATE(YEAR(tbl_display[[#This Row],[Purchase Date]]),MONTH(tbl_display[[#This Row],[Purchase Date]]),1),INDEX(tbl_display[Purchase Date],1):tbl_display[[#This Row],[Purchase Date]],"<"&EDATE(DATE(YEAR(tbl_display[[#This Row],[Purchase Date]]),MONTH(tbl_display[[#This Row],[Purchase Date]]),1),1),INDEX(tbl_display[Categories],1):tbl_display[[#This Row],[Categories]],tbl_display[[#This Row],[Categories]]),"000")) -> 2601102010 | C18: 46023 | D18: PO-0001 | E18: Patimban | F18: Loket Room | G18: Display | H18: Monitor | I18: PBPCIT-HALOTEC | J18: Samsung Curved 32" S32D396GAE | K18: MONITOR 32" C | L18: 6RLFHBAY300376K | M18: S32D396GAE | N18: S32D396GA | O18: VA FHD 16:9 (1,920 x 1,080) 95% SRGB | P18: 32" | Q18: 1 | R18: 1 | S18: N/A | T18: N/A | U18: 1 | V18: Good | W18: PGT | X18: In used by User | Y18: PC HALOTEC | AC18: TRUE | AD18: =_xlfn.IFNA(INDEX(tbl_handover[No. Handover],MATCH(tbl_display[[#This Row],[No Asset]],tbl_handover[Asset Code],0)),"") -> SR.26.09.0015/IX/2026/PGT/IT/INT
A19: =IF(tbl_display[[#This Row],[No Asset]]<>"",SUBTOTAL(3,INDEX(tbl_display[No Asset],1):tbl_display[[#This Row],[No Asset]]),"") -> 17 | B19: =IF(OR(tbl_display[[#This Row],[Purchase Date]]="",tbl_display[[#This Row],[Categories]]=""),"", TEXT(tbl_display[[#This Row],[Purchase Date]],"YYMM")& _xlfn.XLOOKUP(tbl_display[[#This Row],[Categories]],CODEX!$Z:$Z,CODEX!$W:$W,"")& TEXT(_xlfn.XLOOKUP(tbl_display[[#This Row],[Categories]],CODEX!$Z:$Z,CODEX!$Y:$Y,""),"00")& TEXT(COUNTIFS(INDEX(tbl_display[Purchase Date],1):tbl_display[[#This Row],[Purchase Date]],">="&DATE(YEAR(tbl_display[[#This Row],[Purchase Date]]),MONTH(tbl_display[[#This Row],[Purchase Date]]),1),INDEX(tbl_display[Purchase Date],1):tbl_display[[#This Row],[Purchase Date]],"<"&EDATE(DATE(YEAR(tbl_display[[#This Row],[Purchase Date]]),MONTH(tbl_display[[#This Row],[Purchase Date]]),1),1),INDEX(tbl_display[Categories],1):tbl_display[[#This Row],[Categories]],tbl_display[[#This Row],[Categories]]),"000")) -> 2601102011 | C19: 46023 | D19: PO-0001 | E19: Patimban | F19: Loket Room | G19: Display | H19: Monitor | I19: PBPCLT-LOCKET | J19: Samsung Curved 32" S32D396GAE | K19: MONITOR 32" C | L19: 6RLFHBAY300394R | M19: S32D396GAE | N19: S32D396GA | O19: VA FHD 16:9 (1,920 x 1,080) 95% SRGB | P19: 32" | Q19: 1 | R19: 1 | S19: N/A | T19: N/A | U19: 1 | V19: Good | W19: PGT | X19: In used by User | Y19: PC LOKET | AC19: FALSE | AD19: =_xlfn.IFNA(INDEX(tbl_handover[No. Handover],MATCH(tbl_display[[#This Row],[No Asset]],tbl_handover[Asset Code],0)),"")
A20: =IF(tbl_display[[#This Row],[No Asset]]<>"",SUBTOTAL(3,INDEX(tbl_display[No Asset],1):tbl_display[[#This Row],[No Asset]]),"") -> 18 | B20: =IF(OR(tbl_display[[#This Row],[Purchase Date]]="",tbl_display[[#This Row],[Categories]]=""),"", TEXT(tbl_display[[#This Row],[Purchase Date]],"YYMM")& _xlfn.XLOOKUP(tbl_display[[#This Row],[Categories]],CODEX!$Z:$Z,CODEX!$W:$W,"")& TEXT(_xlfn.XLOOKUP(tbl_display[[#This Row],[Categories]],CODEX!$Z:$Z,CODEX!$Y:$Y,""),"00")& TEXT(COUNTIFS(INDEX(tbl_display[Purchase Date],1):tbl_display[[#This Row],[Purchase Date]],">="&DATE(YEAR(tbl_display[[#This Row],[Purchase Date]]),MONTH(tbl_display[[#This Row],[Purchase Date]]),1),INDEX(tbl_display[Purchase Date],1):tbl_display[[#This Row],[Purchase Date]],"<"&EDATE(DATE(YEAR(tbl_display[[#This Row],[Purchase Date]]),MONTH(tbl_display[[#This Row],[Purchase Date]]),1),1),INDEX(tbl_display[Categories],1):tbl_display[[#This Row],[Categories]],tbl_display[[#This Row],[Categories]]),"000")) -> 2601102012 | C20: 46023 | D20: PO-0001 | E20: Patimban | F20: Gate Office | G20: Display | H20: Monitor | I20: PBPCHS-GATEIN | J20: Samsung Curved 32" S32D396GAE | K20: MONITOR 32" C | L20: 6RLFHBAY300395K | M20: S32D396GAE | N20: S32D396GA | O20: VA FHD 16:9 (1,920 x 1,080) 95% SRGB | P20: 32" | Q20: 1 | R20: 1 | S20: N/A | T20: N/A | U20: 1 | V20: Good | W20: PGT | X20: In used by User | Y20: PC GATEIN | AC20: FALSE | AD20: =_xlfn.IFNA(INDEX(tbl_handover[No. Handover],MATCH(tbl_display[[#This Row],[No Asset]],tbl_handover[Asset Code],0)),"")
A21: =IF(tbl_display[[#This Row],[No Asset]]<>"",SUBTOTAL(3,INDEX(tbl_display[No Asset],1):tbl_display[[#This Row],[No Asset]]),"") -> 19 | B21: =IF(OR(tbl_display[[#This Row],[Purchase Date]]="",tbl_display[[#This Row],[Categories]]=""),"", TEXT(tbl_display[[#This Row],[Purchase Date]],"YYMM")& _xlfn.XLOOKUP(tbl_display[[#This Row],[Categories]],CODEX!$Z:$Z,CODEX!$W:$W,"")& TEXT(_xlfn.XLOOKUP(tbl_display[[#This Row],[Categories]],CODEX!$Z:$Z,CODEX!$Y:$Y,""),"00")& TEXT(COUNTIFS(INDEX(tbl_display[Purchase Date],1):tbl_display[[#This Row],[Purchase Date]],">="&DATE(YEAR(tbl_display[[#This Row],[Purchase Date]]),MONTH(tbl_display[[#This Row],[Purchase Date]]),1),INDEX(tbl_display[Purchase Date],1):tbl_display[[#This Row],[Purchase Date]],"<"&EDATE(DATE(YEAR(tbl_display[[#This Row],[Purchase Date]]),MONTH(tbl_display[[#This Row],[Purchase Date]]),1),1),INDEX(tbl_display[Categories],1):tbl_display[[#This Row],[Categories]],tbl_display[[#This Row],[Categories]]),"000")) -> 2601102013 | C21: 46023 | D21: PO-0001 | E21: Patimban | F21: Operations Room | G21: Display | H21: Monitor | I21: PBPCOP-SHIPLAN | J21: Samsung Curved 32" S32D396GAE | K21: MONITOR 32" C | L21: 6RLFHBAY300381R | M21: S32D396GAE | N21: S32D396GA | O21: VA FHD 16:9 (1,920 x 1,080) 95% SRGB | P21: 32" | Q21: 1 | R21: 1 | S21: N/A | T21: N/A | U21: 1 | V21: Good | W21: PGT | X21: In used by User | Y21: PC GATEIN | AC21: FALSE | AD21: =_xlfn.IFNA(INDEX(tbl_handover[No. Handover],MATCH(tbl_display[[#This Row],[No Asset]],tbl_handover[Asset Code],0)),"")
A22: =IF(tbl_display[[#This Row],[No Asset]]<>"",SUBTOTAL(3,INDEX(tbl_display[No Asset],1):tbl_display[[#This Row],[No Asset]]),"") -> 20 | B22: =IF(OR(tbl_display[[#This Row],[Purchase Date]]="",tbl_display[[#This Row],[Categories]]=""),"", TEXT(tbl_display[[#This Row],[Purchase Date]],"YYMM")& _xlfn.XLOOKUP(tbl_display[[#This Row],[Categories]],CODEX!$Z:$Z,CODEX!$W:$W,"")& TEXT(_xlfn.XLOOKUP(tbl_display[[#This Row],[Categories]],CODEX!$Z:$Z,CODEX!$Y:$Y,""),"00")& TEXT(COUNTIFS(INDEX(tbl_display[Purchase Date],1):tbl_display[[#This Row],[Purchase Date]],">="&DATE(YEAR(tbl_display[[#This Row],[Purchase Date]]),MONTH(tbl_display[[#This Row],[Purchase Date]]),1),INDEX(tbl_display[Purchase Date],1):tbl_display[[#This Row],[Purchase Date]],"<"&EDATE(DATE(YEAR(tbl_display[[#This Row],[Purchase Date]]),MONTH(tbl_display[[#This Row],[Purchase Date]]),1),1),INDEX(tbl_display[Categories],1):tbl_display[[#This Row],[Categories]],tbl_display[[#This Row],[Categories]]),"000")) -> 2601102014 | C22: 46023 | D22: PO-0001 | E22: Patimban | F22: Operations Room | G22: Display | H22: Monitor | I22: PBPCOP-YARDPLAN | J22: Samsung Curved 32" S32D396GAE | K22: MONITOR 32" C | L22: 6RLFHBAY300396T | M22: S32D396GAE | N22: S32D396GA | O22: VA FHD 16:9 (1,920 x 1,080) 95% SRGB | P22: 32" | Q22: 1 | R22: 1 | S22: N/A | T22: N/A | U22: 1 | V22: Good | W22: PGT | X22: In used by User | Y22: PC GATEIN | AC22: FALSE | AD22: =_xlfn.IFNA(INDEX(tbl_handover[No. Handover],MATCH(tbl_display[[#This Row],[No Asset]],tbl_handover[Asset Code],0)),"")
A23: =IF(tbl_display[[#This Row],[No Asset]]<>"",SUBTOTAL(3,INDEX(tbl_display[No Asset],1):tbl_display[[#This Row],[No Asset]]),"") -> 21 | B23: =IF(OR(tbl_display[[#This Row],[Purchase Date]]="",tbl_display[[#This Row],[Categories]]=""),"", TEXT(tbl_display[[#This Row],[Purchase Date]],"YYMM")& _xlfn.XLOOKUP(tbl_display[[#This Row],[Categories]],CODEX!$Z:$Z,CODEX!$W:$W,"")& TEXT(_xlfn.XLOOKUP(tbl_display[[#This Row],[Categories]],CODEX!$Z:$Z,CODEX!$Y:$Y,""),"00")& TEXT(COUNTIFS(INDEX(tbl_display[Purchase Date],1):tbl_display[[#This Row],[Purchase Date]],">="&DATE(YEAR(tbl_display[[#This Row],[Purchase Date]]),MONTH(tbl_display[[#This Row],[Purchase Date]]),1),INDEX(tbl_display[Purchase Date],1):tbl_display[[#This Row],[Purchase Date]],"<"&EDATE(DATE(YEAR(tbl_display[[#This Row],[Purchase Date]]),MONTH(tbl_display[[#This Row],[Purchase Date]]),1),1),INDEX(tbl_display[Categories],1):tbl_display[[#This Row],[Categories]],tbl_display[[#This Row],[Categories]]),"000")) -> 2609102007 | C23: 46268 | D23: PO-0002 | E23: Patimban | F23: Engineer Room | G23: Display | H23: Projector | I23: PBPJIT-ASSET | J23: EPSON LCD Projector EB-FH54 | K23: PROJECTOR | L23: XDAUA5Z00486 | M23: HB59C | N23: Projector Multimedia | O23: Full HD 16:9 (1920 x 1080 piksel x3) | P23: 304” | Q23: N/A | R23: 2 | S23: N/A | T23: 1 | U23: 1 | V23: New | W23: PGT | X23: Idle | Y23: Asset IT | AC23: TRUE | AD23: =_xlfn.IFNA(INDEX(tbl_handover[No. Handover],MATCH(tbl_display[[#This Row],[No Asset]],tbl_handover[Asset Code],0)),"")
A24: =IF(tbl_display[[#This Row],[No Asset]]<>"",SUBTOTAL(3,INDEX(tbl_display[No Asset],1):tbl_display[[#This Row],[No Asset]]),"") -> 22 | B24: =IF(OR(tbl_display[[#This Row],[Purchase Date]]="",tbl_display[[#This Row],[Categories]]=""),"", TEXT(tbl_display[[#This Row],[Purchase Date]],"YYMM")& _xlfn.XLOOKUP(tbl_display[[#This Row],[Categories]],CODEX!$Z:$Z,CODEX!$W:$W,"")& TEXT(_xlfn.XLOOKUP(tbl_display[[#This Row],[Categories]],CODEX!$Z:$Z,CODEX!$Y:$Y,""),"00")& TEXT(COUNTIFS(INDEX(tbl_display[Purchase Date],1):tbl_display[[#This Row],[Purchase Date]],">="&DATE(YEAR(tbl_display[[#This Row],[Purchase Date]]),MONTH(tbl_display[[#This Row],[Purchase Date]]),1),INDEX(tbl_display[Purchase Date],1):tbl_display[[#This Row],[Purchase Date]],"<"&EDATE(DATE(YEAR(tbl_display[[#This Row],[Purchase Date]]),MONTH(tbl_display[[#This Row],[Purchase Date]]),1),1),INDEX(tbl_display[Categories],1):tbl_display[[#This Row],[Categories]],tbl_display[[#This Row],[Categories]]),"000")) -> 2601102015 | C24: 46023 | D24: PO-0001 | E24: Patimban | F24: Labour Room | G24: Display | H24: Monitor | I24: PBPCOP-LABOUR1 | J24: HP MONITOR 27 INCH | K24: MONITOR 27" | M24: HSD-0189-V | N24: HSD-0189 | O24: Full HD (1920 x 1080 piksel) | P24: 27" | Q24: 1 | R24: 1 | S24: N/A | T24: N/A | U24: N/A | V24: Good | W24: PGT | X24: In used by User | Y24: PC LABOUR1 | AC24: FALSE | AD24: =_xlfn.IFNA(INDEX(tbl_handover[No. Handover],MATCH(tbl_display[[#This Row],[No Asset]],tbl_handover[Asset Code],0)),"")
A25: =IF(tbl_display[[#This Row],[No Asset]]<>"",SUBTOTAL(3,INDEX(tbl_display[No Asset],1):tbl_display[[#This Row],[No Asset]]),"") | B25: =IF(OR(tbl_display[[#This Row],[Purchase Date]]="",tbl_display[[#This Row],[Categories]]=""),"", TEXT(tbl_display[[#This Row],[Purchase Date]],"YYMM")& _xlfn.XLOOKUP(tbl_display[[#This Row],[Categories]],CODEX!$Z:$Z,CODEX!$W:$W,"")& TEXT(_xlfn.XLOOKUP(tbl_display[[#This Row],[Categories]],CODEX!$Z:$Z,CODEX!$Y:$Y,""),"00")& TEXT(COUNTIFS(INDEX(tbl_display[Purchase Date],1):tbl_display[[#This Row],[Purchase Date]],">="&DATE(YEAR(tbl_display[[#This Row],[Purchase Date]]),MONTH(tbl_display[[#This Row],[Purchase Date]]),1),INDEX(tbl_display[Purchase Date],1):tbl_display[[#This Row],[Purchase Date]],"<"&EDATE(DATE(YEAR(tbl_display[[#This Row],[Purchase Date]]),MONTH(tbl_display[[#This Row],[Purchase Date]]),1),1),INDEX(tbl_display[Categories],1):tbl_display[[#This Row],[Categories]],tbl_display[[#This Row],[Categories]]),"000")) | AC25: FALSE | AD25: =_xlfn.IFNA(INDEX(tbl_handover[No. Handover],MATCH(tbl_display[[#This Row],[No Asset]],tbl_handover[Asset Code],0)),"")
A26: =IF(tbl_display[[#This Row],[No Asset]]<>"",SUBTOTAL(3,INDEX(tbl_display[No Asset],1):tbl_display[[#This Row],[No Asset]]),"") | B26: =IF(OR(tbl_display[[#This Row],[Purchase Date]]="",tbl_display[[#This Row],[Categories]]=""),"", TEXT(tbl_display[[#This Row],[Purchase Date]],"YYMM")& _xlfn.XLOOKUP(tbl_display[[#This Row],[Categories]],CODEX!$Z:$Z,CODEX!$W:$W,"")& TEXT(_xlfn.XLOOKUP(tbl_display[[#This Row],[Categories]],CODEX!$Z:$Z,CODEX!$Y:$Y,""),"00")& TEXT(COUNTIFS(INDEX(tbl_display[Purchase Date],1):tbl_display[[#This Row],[Purchase Date]],">="&DATE(YEAR(tbl_display[[#This Row],[Purchase Date]]),MONTH(tbl_display[[#This Row],[Purchase Date]]),1),INDEX(tbl_display[Purchase Date],1):tbl_display[[#This Row],[Purchase Date]],"<"&EDATE(DATE(YEAR(tbl_display[[#This Row],[Purchase Date]]),MONTH(tbl_display[[#This Row],[Purchase Date]]),1),1),INDEX(tbl_display[Categories],1):tbl_display[[#This Row],[Categories]],tbl_display[[#This Row],[Categories]]),"000")) | AC26: FALSE | AD26: =_xlfn.IFNA(INDEX(tbl_handover[No. Handover],MATCH(tbl_display[[#This Row],[No Asset]],tbl_handover[Asset Code],0)),"")
A27: =IF(tbl_display[[#This Row],[No Asset]]<>"",SUBTOTAL(3,INDEX(tbl_display[No Asset],1):tbl_display[[#This Row],[No Asset]]),"") | B27: =IF(OR(tbl_display[[#This Row],[Purchase Date]]="",tbl_display[[#This Row],[Categories]]=""),"", TEXT(tbl_display[[#This Row],[Purchase Date]],"YYMM")& _xlfn.XLOOKUP(tbl_display[[#This Row],[Categories]],CODEX!$Z:$Z,CODEX!$W:$W,"")& TEXT(_xlfn.XLOOKUP(tbl_display[[#This Row],[Categories]],CODEX!$Z:$Z,CODEX!$Y:$Y,""),"00")& TEXT(COUNTIFS(INDEX(tbl_display[Purchase Date],1):tbl_display[[#This Row],[Purchase Date]],">="&DATE(YEAR(tbl_display[[#This Row],[Purchase Date]]),MONTH(tbl_display[[#This Row],[Purchase Date]]),1),INDEX(tbl_display[Purchase Date],1):tbl_display[[#This Row],[Purchase Date]],"<"&EDATE(DATE(YEAR(tbl_display[[#This Row],[Purchase Date]]),MONTH(tbl_display[[#This Row],[Purchase Date]]),1),1),INDEX(tbl_display[Categories],1):tbl_display[[#This Row],[Categories]],tbl_display[[#This Row],[Categories]]),"000")) | AC27: FALSE | AD27: =_xlfn.IFNA(INDEX(tbl_handover[No. Handover],MATCH(tbl_display[[#This Row],[No Asset]],tbl_handover[Asset Code],0)),"")
A28: =IF(tbl_display[[#This Row],[No Asset]]<>"",SUBTOTAL(3,INDEX(tbl_display[No Asset],1):tbl_display[[#This Row],[No Asset]]),"") | B28: =IF(OR(tbl_display[[#This Row],[Purchase Date]]="",tbl_display[[#This Row],[Categories]]=""),"", TEXT(tbl_display[[#This Row],[Purchase Date]],"YYMM")& _xlfn.XLOOKUP(tbl_display[[#This Row],[Categories]],CODEX!$Z:$Z,CODEX!$W:$W,"")& TEXT(_xlfn.XLOOKUP(tbl_display[[#This Row],[Categories]],CODEX!$Z:$Z,CODEX!$Y:$Y,""),"00")& TEXT(COUNTIFS(INDEX(tbl_display[Purchase Date],1):tbl_display[[#This Row],[Purchase Date]],">="&DATE(YEAR(tbl_display[[#This Row],[Purchase Date]]),MONTH(tbl_display[[#This Row],[Purchase Date]]),1),INDEX(tbl_display[Purchase Date],1):tbl_display[[#This Row],[Purchase Date]],"<"&EDATE(DATE(YEAR(tbl_display[[#This Row],[Purchase Date]]),MONTH(tbl_display[[#This Row],[Purchase Date]]),1),1),INDEX(tbl_display[Categories],1):tbl_display[[#This Row],[Categories]],tbl_display[[#This Row],[Categories]]),"000")) | AC28: FALSE | AD28: =_xlfn.IFNA(INDEX(tbl_handover[No. Handover],MATCH(tbl_display[[#This Row],[No Asset]],tbl_handover[Asset Code],0)),"")
A29: =IF(tbl_display[[#This Row],[No Asset]]<>"",SUBTOTAL(3,INDEX(tbl_display[No Asset],1):tbl_display[[#This Row],[No Asset]]),"") | B29: =IF(OR(tbl_display[[#This Row],[Purchase Date]]="",tbl_display[[#This Row],[Categories]]=""),"", TEXT(tbl_display[[#This Row],[Purchase Date]],"YYMM")& _xlfn.XLOOKUP(tbl_display[[#This Row],[Categories]],CODEX!$Z:$Z,CODEX!$W:$W,"")& TEXT(_xlfn.XLOOKUP(tbl_display[[#This Row],[Categories]],CODEX!$Z:$Z,CODEX!$Y:$Y,""),"00")& TEXT(COUNTIFS(INDEX(tbl_display[Purchase Date],1):tbl_display[[#This Row],[Purchase Date]],">="&DATE(YEAR(tbl_display[[#This Row],[Purchase Date]]),MONTH(tbl_display[[#This Row],[Purchase Date]]),1),INDEX(tbl_display[Purchase Date],1):tbl_display[[#This Row],[Purchase Date]],"<"&EDATE(DATE(YEAR(tbl_display[[#This Row],[Purchase Date]]),MONTH(tbl_display[[#This Row],[Purchase Date]]),1),1),INDEX(tbl_display[Categories],1):tbl_display[[#This Row],[Categories]],tbl_display[[#This Row],[Categories]]),"000")) | AC29: FALSE | AD29: =_xlfn.IFNA(INDEX(tbl_handover[No. Handover],MATCH(tbl_display[[#This Row],[No Asset]],tbl_handover[Asset Code],0)),"")
A30: =IF(tbl_display[[#This Row],[No Asset]]<>"",SUBTOTAL(3,INDEX(tbl_display[No Asset],1):tbl_display[[#This Row],[No Asset]]),"") | B30: =IF(OR(tbl_display[[#This Row],[Purchase Date]]="",tbl_display[[#This Row],[Categories]]=""),"", TEXT(tbl_display[[#This Row],[Purchase Date]],"YYMM")& _xlfn.XLOOKUP(tbl_display[[#This Row],[Categories]],CODEX!$Z:$Z,CODEX!$W:$W,"")& TEXT(_xlfn.XLOOKUP(tbl_display[[#This Row],[Categories]],CODEX!$Z:$Z,CODEX!$Y:$Y,""),"00")& TEXT(COUNTIFS(INDEX(tbl_display[Purchase Date],1):tbl_display[[#This Row],[Purchase Date]],">="&DATE(YEAR(tbl_display[[#This Row],[Purchase Date]]),MONTH(tbl_display[[#This Row],[Purchase Date]]),1),INDEX(tbl_display[Purchase Date],1):tbl_display[[#This Row],[Purchase Date]],"<"&EDATE(DATE(YEAR(tbl_display[[#This Row],[Purchase Date]]),MONTH(tbl_display[[#This Row],[Purchase Date]]),1),1),INDEX(tbl_display[Categories],1):tbl_display[[#This Row],[Categories]],tbl_display[[#This Row],[Categories]]),"000")) | AC30: FALSE | AD30: =_xlfn.IFNA(INDEX(tbl_handover[No. Handover],MATCH(tbl_display[[#This Row],[No Asset]],tbl_handover[Asset Code],0)),"")
A31: =IF(tbl_display[[#This Row],[No Asset]]<>"",SUBTOTAL(3,INDEX(tbl_display[No Asset],1):tbl_display[[#This Row],[No Asset]]),"") | B31: =IF(OR(tbl_display[[#This Row],[Purchase Date]]="",tbl_display[[#This Row],[Categories]]=""),"", TEXT(tbl_display[[#This Row],[Purchase Date]],"YYMM")& _xlfn.XLOOKUP(tbl_display[[#This Row],[Categories]],CODEX!$Z:$Z,CODEX!$W:$W,"")& TEXT(_xlfn.XLOOKUP(tbl_display[[#This Row],[Categories]],CODEX!$Z:$Z,CODEX!$Y:$Y,""),"00")& TEXT(COUNTIFS(INDEX(tbl_display[Purchase Date],1):tbl_display[[#This Row],[Purchase Date]],">="&DATE(YEAR(tbl_display[[#This Row],[Purchase Date]]),MONTH(tbl_display[[#This Row],[Purchase Date]]),1),INDEX(tbl_display[Purchase Date],1):tbl_display[[#This Row],[Purchase Date]],"<"&EDATE(DATE(YEAR(tbl_display[[#This Row],[Purchase Date]]),MONTH(tbl_display[[#This Row],[Purchase Date]]),1),1),INDEX(tbl_display[Categories],1):tbl_display[[#This Row],[Categories]],tbl_display[[#This Row],[Categories]]),"000")) | AC31: FALSE | AD31: =_xlfn.IFNA(INDEX(tbl_handover[No. Handover],MATCH(tbl_display[[#This Row],[No Asset]],tbl_handover[Asset Code],0)),"")
A32: =IF(tbl_display[[#This Row],[No Asset]]<>"",SUBTOTAL(3,INDEX(tbl_display[No Asset],1):tbl_display[[#This Row],[No Asset]]),"") | B32: =IF(OR(tbl_display[[#This Row],[Purchase Date]]="",tbl_display[[#This Row],[Categories]]=""),"", TEXT(tbl_display[[#This Row],[Purchase Date]],"YYMM")& _xlfn.XLOOKUP(tbl_display[[#This Row],[Categories]],CODEX!$Z:$Z,CODEX!$W:$W,"")& TEXT(_xlfn.XLOOKUP(tbl_display[[#This Row],[Categories]],CODEX!$Z:$Z,CODEX!$Y:$Y,""),"00")& TEXT(COUNTIFS(INDEX(tbl_display[Purchase Date],1):tbl_display[[#This Row],[Purchase Date]],">="&DATE(YEAR(tbl_display[[#This Row],[Purchase Date]]),MONTH(tbl_display[[#This Row],[Purchase Date]]),1),INDEX(tbl_display[Purchase Date],1):tbl_display[[#This Row],[Purchase Date]],"<"&EDATE(DATE(YEAR(tbl_display[[#This Row],[Purchase Date]]),MONTH(tbl_display[[#This Row],[Purchase Date]]),1),1),INDEX(tbl_display[Categories],1):tbl_display[[#This Row],[Categories]],tbl_display[[#This Row],[Categories]]),"000")) | AC32: FALSE | AD32: =_xlfn.IFNA(INDEX(tbl_handover[No. Handover],MATCH(tbl_display[[#This Row],[No Asset]],tbl_handover[Asset Code],0)),"")
A33: =IF(tbl_display[[#This Row],[No Asset]]<>"",SUBTOTAL(3,INDEX(tbl_display[No Asset],1):tbl_display[[#This Row],[No Asset]]),"") | B33: =IF(OR(tbl_display[[#This Row],[Purchase Date]]="",tbl_display[[#This Row],[Categories]]=""),"", TEXT(tbl_display[[#This Row],[Purchase Date]],"YYMM")& _xlfn.XLOOKUP(tbl_display[[#This Row],[Categories]],CODEX!$Z:$Z,CODEX!$W:$W,"")& TEXT(_xlfn.XLOOKUP(tbl_display[[#This Row],[Categories]],CODEX!$Z:$Z,CODEX!$Y:$Y,""),"00")& TEXT(COUNTIFS(INDEX(tbl_display[Purchase Date],1):tbl_display[[#This Row],[Purchase Date]],">="&DATE(YEAR(tbl_display[[#This Row],[Purchase Date]]),MONTH(tbl_display[[#This Row],[Purchase Date]]),1),INDEX(tbl_display[Purchase Date],1):tbl_display[[#This Row],[Purchase Date]],"<"&EDATE(DATE(YEAR(tbl_display[[#This Row],[Purchase Date]]),MONTH(tbl_display[[#This Row],[Purchase Date]]),1),1),INDEX(tbl_display[Categories],1):tbl_display[[#This Row],[Categories]],tbl_display[[#This Row],[Categories]]),"000")) | AC33: FALSE | AD33: =_xlfn.IFNA(INDEX(tbl_handover[No. Handover],MATCH(tbl_display[[#This Row],[No Asset]],tbl_handover[Asset Code],0)),"")
A34: =IF(tbl_display[[#This Row],[No Asset]]<>"",SUBTOTAL(3,INDEX(tbl_display[No Asset],1):tbl_display[[#This Row],[No Asset]]),"") | B34: =IF(OR(tbl_display[[#This Row],[Purchase Date]]="",tbl_display[[#This Row],[Categories]]=""),"", TEXT(tbl_display[[#This Row],[Purchase Date]],"YYMM")& _xlfn.XLOOKUP(tbl_display[[#This Row],[Categories]],CODEX!$Z:$Z,CODEX!$W:$W,"")& TEXT(_xlfn.XLOOKUP(tbl_display[[#This Row],[Categories]],CODEX!$Z:$Z,CODEX!$Y:$Y,""),"00")& TEXT(COUNTIFS(INDEX(tbl_display[Purchase Date],1):tbl_display[[#This Row],[Purchase Date]],">="&DATE(YEAR(tbl_display[[#This Row],[Purchase Date]]),MONTH(tbl_display[[#This Row],[Purchase Date]]),1),INDEX(tbl_display[Purchase Date],1):tbl_display[[#This Row],[Purchase Date]],"<"&EDATE(DATE(YEAR(tbl_display[[#This Row],[Purchase Date]]),MONTH(tbl_display[[#This Row],[Purchase Date]]),1),1),INDEX(tbl_display[Categories],1):tbl_display[[#This Row],[Categories]],tbl_display[[#This Row],[Categories]]),"000")) | AC34: FALSE | AD34: =_xlfn.IFNA(INDEX(tbl_handover[No. Handover],MATCH(tbl_display[[#This Row],[No Asset]],tbl_handover[Asset Code],0)),"")
A35: =IF(tbl_display[[#This Row],[No Asset]]<>"",SUBTOTAL(3,INDEX(tbl_display[No Asset],1):tbl_display[[#This Row],[No Asset]]),"") | B35: =IF(OR(tbl_display[[#This Row],[Purchase Date]]="",tbl_display[[#This Row],[Categories]]=""),"", TEXT(tbl_display[[#This Row],[Purchase Date]],"YYMM")& _xlfn.XLOOKUP(tbl_display[[#This Row],[Categories]],CODEX!$Z:$Z,CODEX!$W:$W,"")& TEXT(_xlfn.XLOOKUP(tbl_display[[#This Row],[Categories]],CODEX!$Z:$Z,CODEX!$Y:$Y,""),"00")& TEXT(COUNTIFS(INDEX(tbl_display[Purchase Date],1):tbl_display[[#This Row],[Purchase Date]],">="&DATE(YEAR(tbl_display[[#This Row],[Purchase Date]]),MONTH(tbl_display[[#This Row],[Purchase Date]]),1),INDEX(tbl_display[Purchase Date],1):tbl_display[[#This Row],[Purchase Date]],"<"&EDATE(DATE(YEAR(tbl_display[[#This Row],[Purchase Date]]),MONTH(tbl_display[[#This Row],[Purchase Date]]),1),1),INDEX(tbl_display[Categories],1):tbl_display[[#This Row],[Categories]],tbl_display[[#This Row],[Categories]]),"000")) | AC35: FALSE | AD35: =_xlfn.IFNA(INDEX(tbl_handover[No. Handover],MATCH(tbl_display[[#This Row],[No Asset]],tbl_handover[Asset Code],0)),"")
A36: =IF(tbl_display[[#This Row],[No Asset]]<>"",SUBTOTAL(3,INDEX(tbl_display[No Asset],1):tbl_display[[#This Row],[No Asset]]),"") | B36: =IF(OR(tbl_display[[#This Row],[Purchase Date]]="",tbl_display[[#This Row],[Categories]]=""),"", TEXT(tbl_display[[#This Row],[Purchase Date]],"YYMM")& _xlfn.XLOOKUP(tbl_display[[#This Row],[Categories]],CODEX!$Z:$Z,CODEX!$W:$W,"")& TEXT(_xlfn.XLOOKUP(tbl_display[[#This Row],[Categories]],CODEX!$Z:$Z,CODEX!$Y:$Y,""),"00")& TEXT(COUNTIFS(INDEX(tbl_display[Purchase Date],1):tbl_display[[#This Row],[Purchase Date]],">="&DATE(YEAR(tbl_display[[#This Row],[Purchase Date]]),MONTH(tbl_display[[#This Row],[Purchase Date]]),1),INDEX(tbl_display[Purchase Date],1):tbl_display[[#This Row],[Purchase Date]],"<"&EDATE(DATE(YEAR(tbl_display[[#This Row],[Purchase Date]]),MONTH(tbl_display[[#This Row],[Purchase Date]]),1),1),INDEX(tbl_display[Categories],1):tbl_display[[#This Row],[Categories]],tbl_display[[#This Row],[Categories]]),"000")) | AC36: FALSE | AD36: =_xlfn.IFNA(INDEX(tbl_handover[No. Handover],MATCH(tbl_display[[#This Row],[No Asset]],tbl_handover[Asset Code],0)),"")
... A38: =IF(tbl_display[[#This Row],[No Asset]]<>"",SUBTOTAL(3,INDEX(tbl_display[No Asset],1):tbl_display[[#This Row],[No Asset]]),"") | B38: =IF(OR(tbl_display[[#This Row],[Purchase Date]]="",tbl_display[[#This Row],[Categories]]=""),"", TEXT(tbl_display[[#This Row],[Purchase Date]],"YYMM")& _xlfn.XLOOKUP(tbl_display[[#This Row],[Categories]],CODEX!$Z:$Z,CODEX!$W:$W,"")& TEXT(_xlfn.XLOOKUP(tbl_display[[#This Row],[Categories]],CODEX!$Z:$Z,CODEX!$Y:$Y,""),"00")& TEXT(COUNTIFS(INDEX(tbl_display[Purchase Date],1):tbl_display[[#This Row],[Purchase Date]],">="&DATE(YEAR(tbl_display[[#This Row],[Purchase Date]]),MONTH(tbl_display[[#This Row],[Purchase Date]]),1),INDEX(tbl_display[Purchase Date],1):tbl_display[[#This Row],[Purchase Date]],"<"&EDATE(DATE(YEAR(tbl_display[[#This Row],[Purchase Date]]),MONTH(tbl_display[[#This Row],[Purchase Date]]),1),1),INDEX(tbl_display[Categories],1):tbl_display[[#This Row],[Categories]],tbl_display[[#This Row],[Categories]]),"000")) | AC38: FALSE | AD38: =_xlfn.IFNA(INDEX(tbl_handover[No. Handover],MATCH(tbl_display[[#This Row],[No Asset]],tbl_handover[Asset Code],0)),"")
B49: =IF(OR(tbl_computer[[#This Row],[Purchase Date]]="",tbl_computer[[#This Row],[Categories]]=""),"", TEXT(tbl_computer[[#This Row],[Purchase Date]],"YYMM")& _xlfn.XLOOKUP(tbl_computer[[#This Row],[Categories]],CODEX!$Z:$Z,CODEX!$W:$W,"")& TEXT(_xlfn.XLOOKUP(tbl_computer[[#This Row],[Categories]],CODEX!$Z:$Z,CODEX!$Y:$Y,""),"00")& TEXT(COUNTIFS(INDEX(tbl_computer[Purchase Date],1):tbl_computer[[#This Row],[Purchase Date]],">="&DATE(YEAR(tbl_computer[[#This Row],[Purchase Date]]),MONTH(tbl_computer[[#This Row],[Purchase Date]]),1),INDEX(tbl_computer[Purchase Date],1):tbl_computer[[#This Row],[Purchase Date]],"<"&EDATE(DATE(YEAR(tbl_computer[[#This Row],[Purchase Date]]),MONTH(tbl_computer[[#This Row],[Purchase Date]]),1),1),INDEX(tbl_computer[Categories],1):tbl_computer[[#This Row],[Categories]],tbl_computer[[#This Row],[Categories]]),"000")) -> 2601101036
B50: =IF(OR(tbl_computer[[#This Row],[Purchase Date]]="",tbl_computer[[#This Row],[Categories]]=""),"", TEXT(tbl_computer[[#This Row],[Purchase Date]],"YYMM")& _xlfn.XLOOKUP(tbl_computer[[#This Row],[Categories]],CODEX!$Z:$Z,CODEX!$W:$W,"")& TEXT(_xlfn.XLOOKUP(tbl_computer[[#This Row],[Categories]],CODEX!$Z:$Z,CODEX!$Y:$Y,""),"00")& TEXT(COUNTIFS(INDEX(tbl_computer[Purchase Date],1):tbl_computer[[#This Row],[Purchase Date]],">="&DATE(YEAR(tbl_computer[[#This Row],[Purchase Date]]),MONTH(tbl_computer[[#This Row],[Purchase Date]]),1),INDEX(tbl_computer[Purchase Date],1):tbl_computer[[#This Row],[Purchase Date]],"<"&EDATE(DATE(YEAR(tbl_computer[[#This Row],[Purchase Date]]),MONTH(tbl_computer[[#This Row],[Purchase Date]]),1),1),INDEX(tbl_computer[Categories],1):tbl_computer[[#This Row],[Categories]],tbl_computer[[#This Row],[Categories]]),"000")) -> 2601101037
B51: =IF(OR(tbl_computer[[#This Row],[Purchase Date]]="",tbl_computer[[#This Row],[Categories]]=""),"", TEXT(tbl_computer[[#This Row],[Purchase Date]],"YYMM")& _xlfn.XLOOKUP(tbl_computer[[#This Row],[Categories]],CODEX!$Z:$Z,CODEX!$W:$W,"")& TEXT(_xlfn.XLOOKUP(tbl_computer[[#This Row],[Categories]],CODEX!$Z:$Z,CODEX!$Y:$Y,""),"00")& TEXT(COUNTIFS(INDEX(tbl_computer[Purchase Date],1):tbl_computer[[#This Row],[Purchase Date]],">="&DATE(YEAR(tbl_computer[[#This Row],[Purchase Date]]),MONTH(tbl_computer[[#This Row],[Purchase Date]]),1),INDEX(tbl_computer[Purchase Date],1):tbl_computer[[#This Row],[Purchase Date]],"<"&EDATE(DATE(YEAR(tbl_computer[[#This Row],[Purchase Date]]),MONTH(tbl_computer[[#This Row],[Purchase Date]]),1),1),INDEX(tbl_computer[Categories],1):tbl_computer[[#This Row],[Categories]],tbl_computer[[#This Row],[Categories]]),"000")) -> 2601101038
B52: =IF(OR(tbl_computer[[#This Row],[Purchase Date]]="",tbl_computer[[#This Row],[Categories]]=""),"", TEXT(tbl_computer[[#This Row],[Purchase Date]],"YYMM")& _xlfn.XLOOKUP(tbl_computer[[#This Row],[Categories]],CODEX!$Z:$Z,CODEX!$W:$W,"")& TEXT(_xlfn.XLOOKUP(tbl_computer[[#This Row],[Categories]],CODEX!$Z:$Z,CODEX!$Y:$Y,""),"00")& TEXT(COUNTIFS(INDEX(tbl_computer[Purchase Date],1):tbl_computer[[#This Row],[Purchase Date]],">="&DATE(YEAR(tbl_computer[[#This Row],[Purchase Date]]),MONTH(tbl_computer[[#This Row],[Purchase Date]]),1),INDEX(tbl_computer[Purchase Date],1):tbl_computer[[#This Row],[Purchase Date]],"<"&EDATE(DATE(YEAR(tbl_computer[[#This Row],[Purchase Date]]),MONTH(tbl_computer[[#This Row],[Purchase Date]]),1),1),INDEX(tbl_computer[Categories],1):tbl_computer[[#This Row],[Categories]],tbl_computer[[#This Row],[Categories]]),"000")) -> 2601101039
B53: =IF(OR(tbl_computer[[#This Row],[Purchase Date]]="",tbl_computer[[#This Row],[Categories]]=""),"", TEXT(tbl_computer[[#This Row],[Purchase Date]],"YYMM")& _xlfn.XLOOKUP(tbl_computer[[#This Row],[Categories]],CODEX!$Z:$Z,CODEX!$W:$W,"")& TEXT(_xlfn.XLOOKUP(tbl_computer[[#This Row],[Categories]],CODEX!$Z:$Z,CODEX!$Y:$Y,""),"00")& TEXT(COUNTIFS(INDEX(tbl_computer[Purchase Date],1):tbl_computer[[#This Row],[Purchase Date]],">="&DATE(YEAR(tbl_computer[[#This Row],[Purchase Date]]),MONTH(tbl_computer[[#This Row],[Purchase Date]]),1),INDEX(tbl_computer[Purchase Date],1):tbl_computer[[#This Row],[Purchase Date]],"<"&EDATE(DATE(YEAR(tbl_computer[[#This Row],[Purchase Date]]),MONTH(tbl_computer[[#This Row],[Purchase Date]]),1),1),INDEX(tbl_computer[Categories],1):tbl_computer[[#This Row],[Categories]],tbl_computer[[#This Row],[Categories]]),"000")) -> 2601101040
B54: =IF(OR(tbl_computer[[#This Row],[Purchase Date]]="",tbl_computer[[#This Row],[Categories]]=""),"", TEXT(tbl_computer[[#This Row],[Purchase Date]],"YYMM")& _xlfn.XLOOKUP(tbl_computer[[#This Row],[Categories]],CODEX!$Z:$Z,CODEX!$W:$W,"")& TEXT(_xlfn.XLOOKUP(tbl_computer[[#This Row],[Categories]],CODEX!$Z:$Z,CODEX!$Y:$Y,""),"00")& TEXT(COUNTIFS(INDEX(tbl_computer[Purchase Date],1):tbl_computer[[#This Row],[Purchase Date]],">="&DATE(YEAR(tbl_computer[[#This Row],[Purchase Date]]),MONTH(tbl_computer[[#This Row],[Purchase Date]]),1),INDEX(tbl_computer[Purchase Date],1):tbl_computer[[#This Row],[Purchase Date]],"<"&EDATE(DATE(YEAR(tbl_computer[[#This Row],[Purchase Date]]),MONTH(tbl_computer[[#This Row],[Purchase Date]]),1),1),INDEX(tbl_computer[Categories],1):tbl_computer[[#This Row],[Categories]],tbl_computer[[#This Row],[Categories]]),"000")) -> 2601101041
B55: =IF(OR(tbl_computer[[#This Row],[Purchase Date]]="",tbl_computer[[#This Row],[Categories]]=""),"", TEXT(tbl_computer[[#This Row],[Purchase Date]],"YYMM")& _xlfn.XLOOKUP(tbl_computer[[#This Row],[Categories]],CODEX!$Z:$Z,CODEX!$W:$W,"")& TEXT(_xlfn.XLOOKUP(tbl_computer[[#This Row],[Categories]],CODEX!$Z:$Z,CODEX!$Y:$Y,""),"00")& TEXT(COUNTIFS(INDEX(tbl_computer[Purchase Date],1):tbl_computer[[#This Row],[Purchase Date]],">="&DATE(YEAR(tbl_computer[[#This Row],[Purchase Date]]),MONTH(tbl_computer[[#This Row],[Purchase Date]]),1),INDEX(tbl_computer[Purchase Date],1):tbl_computer[[#This Row],[Purchase Date]],"<"&EDATE(DATE(YEAR(tbl_computer[[#This Row],[Purchase Date]]),MONTH(tbl_computer[[#This Row],[Purchase Date]]),1),1),INDEX(tbl_computer[Categories],1):tbl_computer[[#This Row],[Categories]],tbl_computer[[#This Row],[Categories]]),"000")) -> 2601101042
B56: =IF(OR(tbl_computer[[#This Row],[Purchase Date]]="",tbl_computer[[#This Row],[Categories]]=""),"", TEXT(tbl_computer[[#This Row],[Purchase Date]],"YYMM")& _xlfn.XLOOKUP(tbl_computer[[#This Row],[Categories]],CODEX!$Z:$Z,CODEX!$W:$W,"")& TEXT(_xlfn.XLOOKUP(tbl_computer[[#This Row],[Categories]],CODEX!$Z:$Z,CODEX!$Y:$Y,""),"00")& TEXT(COUNTIFS(INDEX(tbl_computer[Purchase Date],1):tbl_computer[[#This Row],[Purchase Date]],">="&DATE(YEAR(tbl_computer[[#This Row],[Purchase Date]]),MONTH(tbl_computer[[#This Row],[Purchase Date]]),1),INDEX(tbl_computer[Purchase Date],1):tbl_computer[[#This Row],[Purchase Date]],"<"&EDATE(DATE(YEAR(tbl_computer[[#This Row],[Purchase Date]]),MONTH(tbl_computer[[#This Row],[Purchase Date]]),1),1),INDEX(tbl_computer[Categories],1):tbl_computer[[#This Row],[Categories]],tbl_computer[[#This Row],[Categories]]),"000")) -> 2601101043
B57: =IF(OR(tbl_computer[[#This Row],[Purchase Date]]="",tbl_computer[[#This Row],[Categories]]=""),"", TEXT(tbl_computer[[#This Row],[Purchase Date]],"YYMM")& _xlfn.XLOOKUP(tbl_computer[[#This Row],[Categories]],CODEX!$Z:$Z,CODEX!$W:$W,"")& TEXT(_xlfn.XLOOKUP(tbl_computer[[#This Row],[Categories]],CODEX!$Z:$Z,CODEX!$Y:$Y,""),"00")& TEXT(COUNTIFS(INDEX(tbl_computer[Purchase Date],1):tbl_computer[[#This Row],[Purchase Date]],">="&DATE(YEAR(tbl_computer[[#This Row],[Purchase Date]]),MONTH(tbl_computer[[#This Row],[Purchase Date]]),1),INDEX(tbl_computer[Purchase Date],1):tbl_computer[[#This Row],[Purchase Date]],"<"&EDATE(DATE(YEAR(tbl_computer[[#This Row],[Purchase Date]]),MONTH(tbl_computer[[#This Row],[Purchase Date]]),1),1),INDEX(tbl_computer[Categories],1):tbl_computer[[#This Row],[Categories]],tbl_computer[[#This Row],[Categories]]),"000")) -> 2601101044
B58: =IF(OR(tbl_computer[[#This Row],[Purchase Date]]="",tbl_computer[[#This Row],[Categories]]=""),"", TEXT(tbl_computer[[#This Row],[Purchase Date]],"YYMM")& _xlfn.XLOOKUP(tbl_computer[[#This Row],[Categories]],CODEX!$Z:$Z,CODEX!$W:$W,"")& TEXT(_xlfn.XLOOKUP(tbl_computer[[#This Row],[Categories]],CODEX!$Z:$Z,CODEX!$Y:$Y,""),"00")& TEXT(COUNTIFS(INDEX(tbl_computer[Purchase Date],1):tbl_computer[[#This Row],[Purchase Date]],">="&DATE(YEAR(tbl_computer[[#This Row],[Purchase Date]]),MONTH(tbl_computer[[#This Row],[Purchase Date]]),1),INDEX(tbl_computer[Purchase Date],1):tbl_computer[[#This Row],[Purchase Date]],"<"&EDATE(DATE(YEAR(tbl_computer[[#This Row],[Purchase Date]]),MONTH(tbl_computer[[#This Row],[Purchase Date]]),1),1),INDEX(tbl_computer[Categories],1):tbl_computer[[#This Row],[Categories]],tbl_computer[[#This Row],[Categories]]),"000")) -> 2601101045
B59: =IF(OR(tbl_computer[[#This Row],[Purchase Date]]="",tbl_computer[[#This Row],[Categories]]=""),"", TEXT(tbl_computer[[#This Row],[Purchase Date]],"YYMM")& _xlfn.XLOOKUP(tbl_computer[[#This Row],[Categories]],CODEX!$Z:$Z,CODEX!$W:$W,"")& TEXT(_xlfn.XLOOKUP(tbl_computer[[#This Row],[Categories]],CODEX!$Z:$Z,CODEX!$Y:$Y,""),"00")& TEXT(COUNTIFS(INDEX(tbl_computer[Purchase Date],1):tbl_computer[[#This Row],[Purchase Date]],">="&DATE(YEAR(tbl_computer[[#This Row],[Purchase Date]]),MONTH(tbl_computer[[#This Row],[Purchase Date]]),1),INDEX(tbl_computer[Purchase Date],1):tbl_computer[[#This Row],[Purchase Date]],"<"&EDATE(DATE(YEAR(tbl_computer[[#This Row],[Purchase Date]]),MONTH(tbl_computer[[#This Row],[Purchase Date]]),1),1),INDEX(tbl_computer[Categories],1):tbl_computer[[#This Row],[Categories]],tbl_computer[[#This Row],[Categories]]),"000")) -> 2601101046

Sheet NETWORK-DEVICES
A1: 3 | B1: Sample : TTBBKSK000 | C1: Asset Order | E1: Asset ( Category 3 - Network Device ) | O1: System Info | T1: Network & Access | AA1: Port Interface | AK1: Image Device
A2: No | B2: No Asset | C2: Purchase Date | D2: No PO | E2: Location | F2: Current Location | G2: Categories | H2: Sub-Cat | I2: Device Name | J2: Model Name | K2: S/N Unit | L2: Manufacture | M2: Type | N2: Model / Detil Spc. | O2: Hostname | P2: Firmware | Q2: Firmware Version | R2: Credential - Username | S2: Credential - Password | T2: IP_WIFI | U2: IP_ETH | V2: MC_WIFI | W2: MC_ETH | X2: Connection Type | Y2: Protocol / Stream URL | Z2: Storage_Size (GB) | AA2: USB | AB2: RJ45 Port | AC2: SFP+ Slot | AD2: Console Port | AE2: Power Port | AF2: Device Condition | AG2: Ownership | AH2: Asset PIC | AI2: Usage Status | AJ2: NOTE | AK2: img_1 | AL2: img_2 | AM2: img_3 | AN2: Labeling | AO2: Handover Doc
A3: =IF(tbl_network[[#This Row],[No Asset]]<>"",SUBTOTAL(3,INDEX(tbl_network[No Asset],1):tbl_network[[#This Row],[No Asset]]),"") -> 1 | B3: =IF(OR(tbl_network[[#This Row],[Purchase Date]]="",tbl_network[[#This Row],[Categories]]=""),"", TEXT(tbl_network[[#This Row],[Purchase Date]],"YYMM")& _xlfn.XLOOKUP(tbl_network[[#This Row],[Categories]],CODEX!$Z:$Z,CODEX!$W:$W,"")& TEXT(_xlfn.XLOOKUP(tbl_network[[#This Row],[Categories]],CODEX!$Z:$Z,CODEX!$Y:$Y,""),"00")& TEXT(COUNTIFS(INDEX(tbl_network[Purchase Date],1):tbl_network[[#This Row],[Purchase Date]],">="&DATE(YEAR(tbl_network[[#This Row],[Purchase Date]]),MONTH(tbl_network[[#This Row],[Purchase Date]]),1),INDEX(tbl_network[Purchase Date],1):tbl_network[[#This Row],[Purchase Date]],"<"&EDATE(DATE(YEAR(tbl_network[[#This Row],[Purchase Date]]),MONTH(tbl_network[[#This Row],[Purchase Date]]),1),1),INDEX(tbl_network[Categories],1):tbl_network[[#This Row],[Categories]],tbl_network[[#This Row],[Categories]]),"000")) -> 2601103001 | C3: 46023 | D3: 02-SI/AID-HI/WP.7A/XII-25 | E3: Patimban | F3: Server Autogate | G3: Network Device | H3: Firewall | I3: Firewall Fortinet v7.4.11 | J3: v7.4.11 | K3: FGT91GTK25001977 | L3: Fortinet | M3: Firewall | N3: FortiGate 91G | O3: FortiGatePGT-91G | P3: FortiGate | Q3: FortiOS | R3: Halotec | S3: halotec2026 | T3: N/A | U3: 172.20.88.101 | V3: N/A | W3: 48:3a:02:a3:a4:ae | Y3: https://172.20.88.101/ | Z3: 120GB | AA3: 1 | AB3: 8 | AC3: 2 | AD3: 1 | AE3: 1 | AF3: New | AG3: HALOTEC | AH3: IT | AI3: In used by User | AN3: FALSE | AO3: SR.25.11.013/XI/2025/PGT/PKS/HI
A4: =IF(tbl_network[[#This Row],[No Asset]]<>"",SUBTOTAL(3,INDEX(tbl_network[No Asset],1):tbl_network[[#This Row],[No Asset]]),"") -> 2 | B4: =IF(OR(tbl_network[[#This Row],[Purchase Date]]="",tbl_network[[#This Row],[Categories]]=""),"", TEXT(tbl_network[[#This Row],[Purchase Date]],"YYMM")& _xlfn.XLOOKUP(tbl_network[[#This Row],[Categories]],CODEX!$Z:$Z,CODEX!$W:$W,"")& TEXT(_xlfn.XLOOKUP(tbl_network[[#This Row],[Categories]],CODEX!$Z:$Z,CODEX!$Y:$Y,""),"00")& TEXT(COUNTIFS(INDEX(tbl_network[Purchase Date],1):tbl_network[[#This Row],[Purchase Date]],">="&DATE(YEAR(tbl_network[[#This Row],[Purchase Date]]),MONTH(tbl_network[[#This Row],[Purchase Date]]),1),INDEX(tbl_network[Purchase Date],1):tbl_network[[#This Row],[Purchase Date]],"<"&EDATE(DATE(YEAR(tbl_network[[#This Row],[Purchase Date]]),MONTH(tbl_network[[#This Row],[Purchase Date]]),1),1),INDEX(tbl_network[Categories],1):tbl_network[[#This Row],[Categories]],tbl_network[[#This Row],[Categories]]),"000")) -> 2601103002 | C4: 46023 | D4: 02-SI/AID-HI/WP.7A/XII-25 | E4: Patimban | F4: Server Autogate | G4: Network Device | H4: Switch | I4: Switch Distribution 24 Port | J4: C1300-24T-4G | K4: DNI292104YM | L4: CISCO | M4: 24P-4G V01 | N4: Catalyst 1300 Series Managed Switch, 24-port GE, PoE, 4x1G SFP (C1300-24P-4G) | O4: SW-DST-SERVER | P4: CISCO | Q4: 4.1.3.36 | R4: admin | S4: Halotec100$$ | T4: N/A | U4: 192.168.102.101 | V4: N/A | W4: f4:74:70:3b:f7:d9 | Y4: https://192.168.102.101/ | Z4: N/A | AA4: 1 | AB4: 24 | AC4: 4 | AD4: 1 | AE4: 1 | AF4: New | AG4: HALOTEC | AH4: IT | AI4: In used by User | AN4: FALSE | AO4: SR.25.11.013/XI/2025/PGT/PKS/HI
A5: =IF(tbl_network[[#This Row],[No Asset]]<>"",SUBTOTAL(3,INDEX(tbl_network[No Asset],1):tbl_network[[#This Row],[No Asset]]),"") -> 3 | B5: =IF(OR(tbl_network[[#This Row],[Purchase Date]]="",tbl_network[[#This Row],[Categories]]=""),"", TEXT(tbl_network[[#This Row],[Purchase Date]],"YYMM")& _xlfn.XLOOKUP(tbl_network[[#This Row],[Categories]],CODEX!$Z:$Z,CODEX!$W:$W,"")& TEXT(_xlfn.XLOOKUP(tbl_network[[#This Row],[Categories]],CODEX!$Z:$Z,CODEX!$Y:$Y,""),"00")& TEXT(COUNTIFS(INDEX(tbl_network[Purchase Date],1):tbl_network[[#This Row],[Purchase Date]],">="&DATE(YEAR(tbl_network[[#This Row],[Purchase Date]]),MONTH(tbl_network[[#This Row],[Purchase Date]]),1),INDEX(tbl_network[Purchase Date],1):tbl_network[[#This Row],[Purchase Date]],"<"&EDATE(DATE(YEAR(tbl_network[[#This Row],[Purchase Date]]),MONTH(tbl_network[[#This Row],[Purchase Date]]),1),1),INDEX(tbl_network[Categories],1):tbl_network[[#This Row],[Categories]],tbl_network[[#This Row],[Categories]]),"000")) -> 2601103003 | C5: 46023 | D5: 02-SI/AID-HI/WP.7A/XII-25 | E5: Patimban | F5: Gate IN Area | G5: Network Device | H5: Switch | I5: Switch Client Distribution 24 Port | J5: C1300-24T-4G | K5: DNI273804GU | L5: CISCO | M5: 24P-4G | N5: Catalyst 1300 Series Managed Switch, 24-port GE, 4x1G SFP (C1300-24T-4G) | O5: SW-DST-Gate-In-ocr | P5: CISCO | Q5: 4.0.0.93 | R5: admin | S5: Halotec100$$ | T5: N/A | U5: 192.168.100.251 | V5: N/A | W5: 84:5a:3e:87:cc:db | Y5: https://192.168.100.251/ | Z5: N/A | AA5: 1 | AB5: 24 | AC5: 4 | AD5: 1 | AE5: 1 | AF5: New | AG5: HALOTEC | AH5: IT | AI5: In used by User | AN5: FALSE | AO5: SR.25.11.013/XI/2025/PGT/PKS/HI
A6: =IF(tbl_network[[#This Row],[No Asset]]<>"",SUBTOTAL(3,INDEX(tbl_network[No Asset],1):tbl_network[[#This Row],[No Asset]]),"") -> 4 | B6: =IF(OR(tbl_network[[#This Row],[Purchase Date]]="",tbl_network[[#This Row],[Categories]]=""),"", TEXT(tbl_network[[#This Row],[Purchase Date]],"YYMM")& _xlfn.XLOOKUP(tbl_network[[#This Row],[Categories]],CODEX!$Z:$Z,CODEX!$W:$W,"")& TEXT(_xlfn.XLOOKUP(tbl_network[[#This Row],[Categories]],CODEX!$Z:$Z,CODEX!$Y:$Y,""),"00")& TEXT(COUNTIFS(INDEX(tbl_network[Purchase Date],1):tbl_network[[#This Row],[Purchase Date]],">="&DATE(YEAR(tbl_network[[#This Row],[Purchase Date]]),MONTH(tbl_network[[#This Row],[Purchase Date]]),1),INDEX(tbl_network[Purchase Date],1):tbl_network[[#This Row],[Purchase Date]],"<"&EDATE(DATE(YEAR(tbl_network[[#This Row],[Purchase Date]]),MONTH(tbl_network[[#This Row],[Purchase Date]]),1),1),INDEX(tbl_network[Categories],1):tbl_network[[#This Row],[Categories]],tbl_network[[#This Row],[Categories]]),"000")) -> 2601103004 | C6: 46023 | D6: 02-SI/AID-HI/WP.7A/XII-25 | E6: Patimban | F6: Gate OUT Area | G6: Network Device | H6: Switch | I6: Switch Client Distribution 24 Port | J6: C1300-24T-4G | K6: DNI273804GD | L6: CISCO | M6: 24P-4G | N6: Catalyst 1300 Series Managed Switch, 24-port GE, 4x1G SFP (C1300-24T-4G) | O6: SW-DST-Gate-In-ocr | P6: CISCO | Q6: 4.0.0.93 | R6: admin | S6: Halotec100$$ | T6: N/A | U6: 192.168.101.252 | V6: N/A | W6: 84:5a:3e:87:cb:28 | Y6: https://192.168.101.252/ | Z6: N/A | AA6: 1 | AB6: 24 | AC6: 4 | AD6: 1 | AE6: 1 | AF6: New | AG6: HALOTEC | AH6: IT | AI6: In used by User | AN6: FALSE | AO6: SR.25.11.013/XI/2025/PGT/PKS/HI
A7: =IF(tbl_network[[#This Row],[No Asset]]<>"",SUBTOTAL(3,INDEX(tbl_network[No Asset],1):tbl_network[[#This Row],[No Asset]]),"") -> 5 | B7: =IF(OR(tbl_network[[#This Row],[Purchase Date]]="",tbl_network[[#This Row],[Categories]]=""),"", TEXT(tbl_network[[#This Row],[Purchase Date]],"YYMM")& _xlfn.XLOOKUP(tbl_network[[#This Row],[Categories]],CODEX!$Z:$Z,CODEX!$W:$W,"")& TEXT(_xlfn.XLOOKUP(tbl_network[[#This Row],[Categories]],CODEX!$Z:$Z,CODEX!$Y:$Y,""),"00")& TEXT(COUNTIFS(INDEX(tbl_network[Purchase Date],1):tbl_network[[#This Row],[Purchase Date]],">="&DATE(YEAR(tbl_network[[#This Row],[Purchase Date]]),MONTH(tbl_network[[#This Row],[Purchase Date]]),1),INDEX(tbl_network[Purchase Date],1):tbl_network[[#This Row],[Purchase Date]],"<"&EDATE(DATE(YEAR(tbl_network[[#This Row],[Purchase Date]]),MONTH(tbl_network[[#This Row],[Purchase Date]]),1),1),INDEX(tbl_network[Categories],1):tbl_network[[#This Row],[Categories]],tbl_network[[#This Row],[Categories]]),"000")) -> 2601103005 | C7: 46023 | D7: 02-SI/AID-HI/WP.7A/XII-25 | E7: Patimban | F7: Gate IN Area | G7: Network Device | H7: Switch | I7: Switch Client Distribution 8 Port | J7: C1300-8P-E-2G | K7: PVN29271F1G | L7: CISCO | M7: 8P-E-2G | N7: Catalyst 1300 Series Managed Switch, 8-port GE, PoE, Ext PS, 2x1G Combo (C1300-8P-E-2G) | O7: SW-Auto-Gate-IN | P7: CISCO | Q7: 4.1.3.36 | R7: admin | S7: Halotec100$$ | T7: N/A | U7: 192.168.100.102 | V7: N/A | W7: 30:01:af:84:58:8c | Y7: https://192.168.100.102/ | Z7: N/A | AA7: 1 | AB7: 10 | AC7: 2 | AD7: 1 | AE7: 1 | AF7: New | AG7: HALOTEC | AH7: IT | AI7: In used by User | AJ7: Weighbridge IN | AN7: FALSE | AO7: SR.25.11.013/XI/2025/PGT/PKS/HI
A8: =IF(tbl_network[[#This Row],[No Asset]]<>"",SUBTOTAL(3,INDEX(tbl_network[No Asset],1):tbl_network[[#This Row],[No Asset]]),"") -> 6 | B8: =IF(OR(tbl_network[[#This Row],[Purchase Date]]="",tbl_network[[#This Row],[Categories]]=""),"", TEXT(tbl_network[[#This Row],[Purchase Date]],"YYMM")& _xlfn.XLOOKUP(tbl_network[[#This Row],[Categories]],CODEX!$Z:$Z,CODEX!$W:$W,"")& TEXT(_xlfn.XLOOKUP(tbl_network[[#This Row],[Categories]],CODEX!$Z:$Z,CODEX!$Y:$Y,""),"00")& TEXT(COUNTIFS(INDEX(tbl_network[Purchase Date],1):tbl_network[[#This Row],[Purchase Date]],">="&DATE(YEAR(tbl_network[[#This Row],[Purchase Date]]),MONTH(tbl_network[[#This Row],[Purchase Date]]),1),INDEX(tbl_network[Purchase Date],1):tbl_network[[#This Row],[Purchase Date]],"<"&EDATE(DATE(YEAR(tbl_network[[#This Row],[Purchase Date]]),MONTH(tbl_network[[#This Row],[Purchase Date]]),1),1),INDEX(tbl_network[Categories],1):tbl_network[[#This Row],[Categories]],tbl_network[[#This Row],[Categories]]),"000")) -> 2601103006 | C8: 46023 | D8: 02-SI/AID-HI/WP.7A/XII-25 | E8: Patimban | F8: Gate IN Area | G8: Network Device | H8: Switch | I8: Switch Client Distribution 8 Port | J8: C1300-8P-E-2G | K8: PVN29271F6R | L8: CISCO | M8: 8P-E-2G | N8: Catalyst 1300 Series Managed Switch, 8-port GE, PoE, Ext PS, 2x1G Combo (C1300-8P-E-2G) | O8: SW-Gate-IN-2 | P8: CISCO | Q8: 4.1.3.36 | R8: admin | S8: Halotec100$$ | T8: N/A | U8: 192.168.100.103 | V8: N/A | W8: 30:01:af:84:64:6f | Y8: https://192.168.101.103/ | Z8: N/A | AA8: 1 | AB8: 10 | AC8: 2 | AD8: 1 | AE8: 1 | AF8: New | AG8: HALOTEC | AH8: IT | AI8: In used by User | AJ8: Gate IN 2 | AN8: FALSE | AO8: SR.25.11.013/XI/2025/PGT/PKS/HI
A9: =IF(tbl_network[[#This Row],[No Asset]]<>"",SUBTOTAL(3,INDEX(tbl_network[No Asset],1):tbl_network[[#This Row],[No Asset]]),"") -> 7 | B9: =IF(OR(tbl_network[[#This Row],[Purchase Date]]="",tbl_network[[#This Row],[Categories]]=""),"", TEXT(tbl_network[[#This Row],[Purchase Date]],"YYMM")& _xlfn.XLOOKUP(tbl_network[[#This Row],[Categories]],CODEX!$Z:$Z,CODEX!$W:$W,"")& TEXT(_xlfn.XLOOKUP(tbl_network[[#This Row],[Categories]],CODEX!$Z:$Z,CODEX!$Y:$Y,""),"00")& TEXT(COUNTIFS(INDEX(tbl_network[Purchase Date],1):tbl_network[[#This Row],[Purchase Date]],">="&DATE(YEAR(tbl_network[[#This Row],[Purchase Date]]),MONTH(tbl_network[[#This Row],[Purchase Date]]),1),INDEX(tbl_network[Purchase Date],1):tbl_network[[#This Row],[Purchase Date]],"<"&EDATE(DATE(YEAR(tbl_network[[#This Row],[Purchase Date]]),MONTH(tbl_network[[#This Row],[Purchase Date]]),1),1),INDEX(tbl_network[Categories],1):tbl_network[[#This Row],[Categories]],tbl_network[[#This Row],[Categories]]),"000")) -> 2601103007 | C9: 46023 | D9: 02-SI/AID-HI/WP.7A/XII-25 | E9: Patimban | F9: Gate OUT Area | G9: Network Device | H9: Switch | I9: Switch Client Distribution 8 Port | J9: C1300-8P-E-2G | K9: PVN29271GP6 | L9: CISCO | M9: 8P-E-2G | N9: Catalyst 1300 Series Managed Switch, 8-port GE, PoE, Ext PS, 2x1G Combo (C1300-8P-E-2G) | O9: SW-AUTO-GATE-OUT1 | P9: CISCO | Q9: 4.1.3.36 | R9: admin | S9: Halotec100$$ | T9: N/A | U9: 192.168.101.102 | V9: N/A | W9: 30:01:af:85:0a:8a | Y9: https://192.168.101.102/ | Z9: N/A | AA9: 1 | AB9: 10 | AC9: 2 | AD9: 1 | AE9: 1 | AF9: New | AG9: HALOTEC | AH9: IT | AI9: In used by User | AJ9: Weighbridge Out | AN9: FALSE | AO9: SR.25.11.013/XI/2025/PGT/PKS/HI
A10: =IF(tbl_network[[#This Row],[No Asset]]<>"",SUBTOTAL(3,INDEX(tbl_network[No Asset],1):tbl_network[[#This Row],[No Asset]]),"") -> 8 | B10: =IF(OR(tbl_network[[#This Row],[Purchase Date]]="",tbl_network[[#This Row],[Categories]]=""),"", TEXT(tbl_network[[#This Row],[Purchase Date]],"YYMM")& _xlfn.XLOOKUP(tbl_network[[#This Row],[Categories]],CODEX!$Z:$Z,CODEX!$W:$W,"")& TEXT(_xlfn.XLOOKUP(tbl_network[[#This Row],[Categories]],CODEX!$Z:$Z,CODEX!$Y:$Y,""),"00")& TEXT(COUNTIFS(INDEX(tbl_network[Purchase Date],1):tbl_network[[#This Row],[Purchase Date]],">="&DATE(YEAR(tbl_network[[#This Row],[Purchase Date]]),MONTH(tbl_network[[#This Row],[Purchase Date]]),1),INDEX(tbl_network[Purchase Date],1):tbl_network[[#This Row],[Purchase Date]],"<"&EDATE(DATE(YEAR(tbl_network[[#This Row],[Purchase Date]]),MONTH(tbl_network[[#This Row],[Purchase Date]]),1),1),INDEX(tbl_network[Categories],1):tbl_network[[#This Row],[Categories]],tbl_network[[#This Row],[Categories]]),"000")) -> 2601103008 | C10: 46023 | D10: 02-SI/AID-HI/WP.7A/XII-25 | E10: Patimban | F10: Gate OUT Area | G10: Network Device | H10: Switch | I10: Switch Client Distribution 8 Port | J10: C1300-8P-E-2G | K10: PVN29271EY3 | L10: CISCO | M10: 8P-E-2G | N10: Catalyst 1300 Series Managed Switch, 8-port GE, PoE, Ext PS, 2x1G Combo (C1300-8P-E-2G) | O10: SW-Auto-Gate-2 | P10: CISCO | Q10: 4.1.3.36 | R10: admin | S10: Halotec100$$ | T10: N/A | U10: 192.168.101.103 | V10: N/A | W10: 30:01:af:84:50:6b | Y10: https://192.168.101.103/ | Z10: N/A | AA10: 1 | AB10: 10 | AC10: 2 | AD10: 1 | AE10: 1 | AF10: New | AG10: HALOTEC | AH10: IT | AI10: In used by User | AJ10: Gate OUT 2 | AN10: FALSE | AO10: SR.25.11.013/XI/2025/PGT/PKS/HI
A11: =IF(tbl_network[[#This Row],[No Asset]]<>"",SUBTOTAL(3,INDEX(tbl_network[No Asset],1):tbl_network[[#This Row],[No Asset]]),"") | B11: =IF(OR(tbl_network[[#This Row],[Purchase Date]]="",tbl_network[[#This Row],[Categories]]=""),"", TEXT(tbl_network[[#This Row],[Purchase Date]],"YYMM")& _xlfn.XLOOKUP(tbl_network[[#This Row],[Categories]],CODEX!$Z:$Z,CODEX!$W:$W,"")& TEXT(_xlfn.XLOOKUP(tbl_network[[#This Row],[Categories]],CODEX!$Z:$Z,CODEX!$Y:$Y,""),"00")& TEXT(COUNTIFS(INDEX(tbl_network[Purchase Date],1):tbl_network[[#This Row],[Purchase Date]],">="&DATE(YEAR(tbl_network[[#This Row],[Purchase Date]]),MONTH(tbl_network[[#This Row],[Purchase Date]]),1),INDEX(tbl_network[Purchase Date],1):tbl_network[[#This Row],[Purchase Date]],"<"&EDATE(DATE(YEAR(tbl_network[[#This Row],[Purchase Date]]),MONTH(tbl_network[[#This Row],[Purchase Date]]),1),1),INDEX(tbl_network[Categories],1):tbl_network[[#This Row],[Categories]],tbl_network[[#This Row],[Categories]]),"000")) | AN11: FALSE
A12: =IF(tbl_network[[#This Row],[No Asset]]<>"",SUBTOTAL(3,INDEX(tbl_network[No Asset],1):tbl_network[[#This Row],[No Asset]]),"") | B12: =IF(OR(tbl_network[[#This Row],[Purchase Date]]="",tbl_network[[#This Row],[Categories]]=""),"", TEXT(tbl_network[[#This Row],[Purchase Date]],"YYMM")& _xlfn.XLOOKUP(tbl_network[[#This Row],[Categories]],CODEX!$Z:$Z,CODEX!$W:$W,"")& TEXT(_xlfn.XLOOKUP(tbl_network[[#This Row],[Categories]],CODEX!$Z:$Z,CODEX!$Y:$Y,""),"00")& TEXT(COUNTIFS(INDEX(tbl_network[Purchase Date],1):tbl_network[[#This Row],[Purchase Date]],">="&DATE(YEAR(tbl_network[[#This Row],[Purchase Date]]),MONTH(tbl_network[[#This Row],[Purchase Date]]),1),INDEX(tbl_network[Purchase Date],1):tbl_network[[#This Row],[Purchase Date]],"<"&EDATE(DATE(YEAR(tbl_network[[#This Row],[Purchase Date]]),MONTH(tbl_network[[#This Row],[Purchase Date]]),1),1),INDEX(tbl_network[Categories],1):tbl_network[[#This Row],[Categories]],tbl_network[[#This Row],[Categories]]),"000")) | AN12: FALSE
A13: =IF(tbl_network[[#This Row],[No Asset]]<>"",SUBTOTAL(3,INDEX(tbl_network[No Asset],1):tbl_network[[#This Row],[No Asset]]),"") | B13: =IF(OR(tbl_network[[#This Row],[Purchase Date]]="",tbl_network[[#This Row],[Categories]]=""),"", TEXT(tbl_network[[#This Row],[Purchase Date]],"YYMM")& _xlfn.XLOOKUP(tbl_network[[#This Row],[Categories]],CODEX!$Z:$Z,CODEX!$W:$W,"")& TEXT(_xlfn.XLOOKUP(tbl_network[[#This Row],[Categories]],CODEX!$Z:$Z,CODEX!$Y:$Y,""),"00")& TEXT(COUNTIFS(INDEX(tbl_network[Purchase Date],1):tbl_network[[#This Row],[Purchase Date]],">="&DATE(YEAR(tbl_network[[#This Row],[Purchase Date]]),MONTH(tbl_network[[#This Row],[Purchase Date]]),1),INDEX(tbl_network[Purchase Date],1):tbl_network[[#This Row],[Purchase Date]],"<"&EDATE(DATE(YEAR(tbl_network[[#This Row],[Purchase Date]]),MONTH(tbl_network[[#This Row],[Purchase Date]]),1),1),INDEX(tbl_network[Categories],1):tbl_network[[#This Row],[Categories]],tbl_network[[#This Row],[Categories]]),"000")) | AN13: FALSE | AO13: =_xlfn.IFNA(INDEX(tbl_handover[No. Handover],MATCH(tbl_network[[#This Row],[No Asset]],tbl_handover[Asset Code],0)),"")
A14: =IF(tbl_network[[#This Row],[No Asset]]<>"",SUBTOTAL(3,INDEX(tbl_network[No Asset],1):tbl_network[[#This Row],[No Asset]]),"") | B14: =IF(OR(tbl_network[[#This Row],[Purchase Date]]="",tbl_network[[#This Row],[Categories]]=""),"", TEXT(tbl_network[[#This Row],[Purchase Date]],"YYMM")& _xlfn.XLOOKUP(tbl_network[[#This Row],[Categories]],CODEX!$Z:$Z,CODEX!$W:$W,"")& TEXT(_xlfn.XLOOKUP(tbl_network[[#This Row],[Categories]],CODEX!$Z:$Z,CODEX!$Y:$Y,""),"00")& TEXT(COUNTIFS(INDEX(tbl_network[Purchase Date],1):tbl_network[[#This Row],[Purchase Date]],">="&DATE(YEAR(tbl_network[[#This Row],[Purchase Date]]),MONTH(tbl_network[[#This Row],[Purchase Date]]),1),INDEX(tbl_network[Purchase Date],1):tbl_network[[#This Row],[Purchase Date]],"<"&EDATE(DATE(YEAR(tbl_network[[#This Row],[Purchase Date]]),MONTH(tbl_network[[#This Row],[Purchase Date]]),1),1),INDEX(tbl_network[Categories],1):tbl_network[[#This Row],[Categories]],tbl_network[[#This Row],[Categories]]),"000")) | AN14: FALSE | AO14: =_xlfn.IFNA(INDEX(tbl_handover[No. Handover],MATCH(tbl_network[[#This Row],[No Asset]],tbl_handover[Asset Code],0)),"")
A15: =IF(tbl_network[[#This Row],[No Asset]]<>"",SUBTOTAL(3,INDEX(tbl_network[No Asset],1):tbl_network[[#This Row],[No Asset]]),"") | B15: =IF(OR(tbl_network[[#This Row],[Purchase Date]]="",tbl_network[[#This Row],[Categories]]=""),"", TEXT(tbl_network[[#This Row],[Purchase Date]],"YYMM")& _xlfn.XLOOKUP(tbl_network[[#This Row],[Categories]],CODEX!$Z:$Z,CODEX!$W:$W,"")& TEXT(_xlfn.XLOOKUP(tbl_network[[#This Row],[Categories]],CODEX!$Z:$Z,CODEX!$Y:$Y,""),"00")& TEXT(COUNTIFS(INDEX(tbl_network[Purchase Date],1):tbl_network[[#This Row],[Purchase Date]],">="&DATE(YEAR(tbl_network[[#This Row],[Purchase Date]]),MONTH(tbl_network[[#This Row],[Purchase Date]]),1),INDEX(tbl_network[Purchase Date],1):tbl_network[[#This Row],[Purchase Date]],"<"&EDATE(DATE(YEAR(tbl_network[[#This Row],[Purchase Date]]),MONTH(tbl_network[[#This Row],[Purchase Date]]),1),1),INDEX(tbl_network[Categories],1):tbl_network[[#This Row],[Categories]],tbl_network[[#This Row],[Categories]]),"000")) | AN15: FALSE | AO15: =_xlfn.IFNA(INDEX(tbl_handover[No. Handover],MATCH(tbl_network[[#This Row],[No Asset]],tbl_handover[Asset Code],0)),"")
A16: =IF(tbl_network[[#This Row],[No Asset]]<>"",SUBTOTAL(3,INDEX(tbl_network[No Asset],1):tbl_network[[#This Row],[No Asset]]),"") | B16: =IF(OR(tbl_network[[#This Row],[Purchase Date]]="",tbl_network[[#This Row],[Categories]]=""),"", TEXT(tbl_network[[#This Row],[Purchase Date]],"YYMM")& _xlfn.XLOOKUP(tbl_network[[#This Row],[Categories]],CODEX!$Z:$Z,CODEX!$W:$W,"")& TEXT(_xlfn.XLOOKUP(tbl_network[[#This Row],[Categories]],CODEX!$Z:$Z,CODEX!$Y:$Y,""),"00")& TEXT(COUNTIFS(INDEX(tbl_network[Purchase Date],1):tbl_network[[#This Row],[Purchase Date]],">="&DATE(YEAR(tbl_network[[#This Row],[Purchase Date]]),MONTH(tbl_network[[#This Row],[Purchase Date]]),1),INDEX(tbl_network[Purchase Date],1):tbl_network[[#This Row],[Purchase Date]],"<"&EDATE(DATE(YEAR(tbl_network[[#This Row],[Purchase Date]]),MONTH(tbl_network[[#This Row],[Purchase Date]]),1),1),INDEX(tbl_network[Categories],1):tbl_network[[#This Row],[Categories]],tbl_network[[#This Row],[Categories]]),"000")) | AN16: FALSE | AO16: =_xlfn.IFNA(INDEX(tbl_handover[No. Handover],MATCH(tbl_network[[#This Row],[No Asset]],tbl_handover[Asset Code],0)),"")
A17: =IF(tbl_network[[#This Row],[No Asset]]<>"",SUBTOTAL(3,INDEX(tbl_network[No Asset],1):tbl_network[[#This Row],[No Asset]]),"") | B17: =IF(OR(tbl_network[[#This Row],[Purchase Date]]="",tbl_network[[#This Row],[Categories]]=""),"", TEXT(tbl_network[[#This Row],[Purchase Date]],"YYMM")& _xlfn.XLOOKUP(tbl_network[[#This Row],[Categories]],CODEX!$Z:$Z,CODEX!$W:$W,"")& TEXT(_xlfn.XLOOKUP(tbl_network[[#This Row],[Categories]],CODEX!$Z:$Z,CODEX!$Y:$Y,""),"00")& TEXT(COUNTIFS(INDEX(tbl_network[Purchase Date],1):tbl_network[[#This Row],[Purchase Date]],">="&DATE(YEAR(tbl_network[[#This Row],[Purchase Date]]),MONTH(tbl_network[[#This Row],[Purchase Date]]),1),INDEX(tbl_network[Purchase Date],1):tbl_network[[#This Row],[Purchase Date]],"<"&EDATE(DATE(YEAR(tbl_network[[#This Row],[Purchase Date]]),MONTH(tbl_network[[#This Row],[Purchase Date]]),1),1),INDEX(tbl_network[Categories],1):tbl_network[[#This Row],[Categories]],tbl_network[[#This Row],[Categories]]),"000")) | AN17: FALSE | AO17: =_xlfn.IFNA(INDEX(tbl_handover[No. Handover],MATCH(tbl_network[[#This Row],[No Asset]],tbl_handover[Asset Code],0)),"")
A18: =IF(tbl_network[[#This Row],[No Asset]]<>"",SUBTOTAL(3,INDEX(tbl_network[No Asset],1):tbl_network[[#This Row],[No Asset]]),"") | B18: =IF(OR(tbl_network[[#This Row],[Purchase Date]]="",tbl_network[[#This Row],[Categories]]=""),"", TEXT(tbl_network[[#This Row],[Purchase Date]],"YYMM")& _xlfn.XLOOKUP(tbl_network[[#This Row],[Categories]],CODEX!$Z:$Z,CODEX!$W:$W,"")& TEXT(_xlfn.XLOOKUP(tbl_network[[#This Row],[Categories]],CODEX!$Z:$Z,CODEX!$Y:$Y,""),"00")& TEXT(COUNTIFS(INDEX(tbl_network[Purchase Date],1):tbl_network[[#This Row],[Purchase Date]],">="&DATE(YEAR(tbl_network[[#This Row],[Purchase Date]]),MONTH(tbl_network[[#This Row],[Purchase Date]]),1),INDEX(tbl_network[Purchase Date],1):tbl_network[[#This Row],[Purchase Date]],"<"&EDATE(DATE(YEAR(tbl_network[[#This Row],[Purchase Date]]),MONTH(tbl_network[[#This Row],[Purchase Date]]),1),1),INDEX(tbl_network[Categories],1):tbl_network[[#This Row],[Categories]],tbl_network[[#This Row],[Categories]]),"000")) | AN18: FALSE | AO18: =_xlfn.IFNA(INDEX(tbl_handover[No. Handover],MATCH(tbl_network[[#This Row],[No Asset]],tbl_handover[Asset Code],0)),"")
A19: =IF(tbl_network[[#This Row],[No Asset]]<>"",SUBTOTAL(3,INDEX(tbl_network[No Asset],1):tbl_network[[#This Row],[No Asset]]),"") | B19: =IF(OR(tbl_network[[#This Row],[Purchase Date]]="",tbl_network[[#This Row],[Categories]]=""),"", TEXT(tbl_network[[#This Row],[Purchase Date]],"YYMM")& _xlfn.XLOOKUP(tbl_network[[#This Row],[Categories]],CODEX!$Z:$Z,CODEX!$W:$W,"")& TEXT(_xlfn.XLOOKUP(tbl_network[[#This Row],[Categories]],CODEX!$Z:$Z,CODEX!$Y:$Y,""),"00")& TEXT(COUNTIFS(INDEX(tbl_network[Purchase Date],1):tbl_network[[#This Row],[Purchase Date]],">="&DATE(YEAR(tbl_network[[#This Row],[Purchase Date]]),MONTH(tbl_network[[#This Row],[Purchase Date]]),1),INDEX(tbl_network[Purchase Date],1):tbl_network[[#This Row],[Purchase Date]],"<"&EDATE(DATE(YEAR(tbl_network[[#This Row],[Purchase Date]]),MONTH(tbl_network[[#This Row],[Purchase Date]]),1),1),INDEX(tbl_network[Categories],1):tbl_network[[#This Row],[Categories]],tbl_network[[#This Row],[Categories]]),"000")) | AN19: FALSE | AO19: =_xlfn.IFNA(INDEX(tbl_handover[No. Handover],MATCH(tbl_network[[#This Row],[No Asset]],tbl_handover[Asset Code],0)),"")
A20: =IF(tbl_network[[#This Row],[No Asset]]<>"",SUBTOTAL(3,INDEX(tbl_network[No Asset],1):tbl_network[[#This Row],[No Asset]]),"") | B20: =IF(OR(tbl_network[[#This Row],[Purchase Date]]="",tbl_network[[#This Row],[Categories]]=""),"", TEXT(tbl_network[[#This Row],[Purchase Date]],"YYMM")& _xlfn.XLOOKUP(tbl_network[[#This Row],[Categories]],CODEX!$Z:$Z,CODEX!$W:$W,"")& TEXT(_xlfn.XLOOKUP(tbl_network[[#This Row],[Categories]],CODEX!$Z:$Z,CODEX!$Y:$Y,""),"00")& TEXT(COUNTIFS(INDEX(tbl_network[Purchase Date],1):tbl_network[[#This Row],[Purchase Date]],">="&DATE(YEAR(tbl_network[[#This Row],[Purchase Date]]),MONTH(tbl_network[[#This Row],[Purchase Date]]),1),INDEX(tbl_network[Purchase Date],1):tbl_network[[#This Row],[Purchase Date]],"<"&EDATE(DATE(YEAR(tbl_network[[#This Row],[Purchase Date]]),MONTH(tbl_network[[#This Row],[Purchase Date]]),1),1),INDEX(tbl_network[Categories],1):tbl_network[[#This Row],[Categories]],tbl_network[[#This Row],[Categories]]),"000")) | AN20: FALSE | AO20: =_xlfn.IFNA(INDEX(tbl_handover[No. Handover],MATCH(tbl_network[[#This Row],[No Asset]],tbl_handover[Asset Code],0)),"")
A21: =IF(tbl_network[[#This Row],[No Asset]]<>"",SUBTOTAL(3,INDEX(tbl_network[No Asset],1):tbl_network[[#This Row],[No Asset]]),"") | B21: =IF(OR(tbl_network[[#This Row],[Purchase Date]]="",tbl_network[[#This Row],[Categories]]=""),"", TEXT(tbl_network[[#This Row],[Purchase Date]],"YYMM")& _xlfn.XLOOKUP(tbl_network[[#This Row],[Categories]],CODEX!$Z:$Z,CODEX!$W:$W,"")& TEXT(_xlfn.XLOOKUP(tbl_network[[#This Row],[Categories]],CODEX!$Z:$Z,CODEX!$Y:$Y,""),"00")& TEXT(COUNTIFS(INDEX(tbl_network[Purchase Date],1):tbl_network[[#This Row],[Purchase Date]],">="&DATE(YEAR(tbl_network[[#This Row],[Purchase Date]]),MONTH(tbl_network[[#This Row],[Purchase Date]]),1),INDEX(tbl_network[Purchase Date],1):tbl_network[[#This Row],[Purchase Date]],"<"&EDATE(DATE(YEAR(tbl_network[[#This Row],[Purchase Date]]),MONTH(tbl_network[[#This Row],[Purchase Date]]),1),1),INDEX(tbl_network[Categories],1):tbl_network[[#This Row],[Categories]],tbl_network[[#This Row],[Categories]]),"000")) | AN21: FALSE | AO21: =_xlfn.IFNA(INDEX(tbl_handover[No. Handover],MATCH(tbl_network[[#This Row],[No Asset]],tbl_handover[Asset Code],0)),"")
A22: =IF(tbl_network[[#This Row],[No Asset]]<>"",SUBTOTAL(3,INDEX(tbl_network[No Asset],1):tbl_network[[#This Row],[No Asset]]),"") | B22: =IF(OR(tbl_network[[#This Row],[Purchase Date]]="",tbl_network[[#This Row],[Categories]]=""),"", TEXT(tbl_network[[#This Row],[Purchase Date]],"YYMM")& _xlfn.XLOOKUP(tbl_network[[#This Row],[Categories]],CODEX!$Z:$Z,CODEX!$W:$W,"")& TEXT(_xlfn.XLOOKUP(tbl_network[[#This Row],[Categories]],CODEX!$Z:$Z,CODEX!$Y:$Y,""),"00")& TEXT(COUNTIFS(INDEX(tbl_network[Purchase Date],1):tbl_network[[#This Row],[Purchase Date]],">="&DATE(YEAR(tbl_network[[#This Row],[Purchase Date]]),MONTH(tbl_network[[#This Row],[Purchase Date]]),1),INDEX(tbl_network[Purchase Date],1):tbl_network[[#This Row],[Purchase Date]],"<"&EDATE(DATE(YEAR(tbl_network[[#This Row],[Purchase Date]]),MONTH(tbl_network[[#This Row],[Purchase Date]]),1),1),INDEX(tbl_network[Categories],1):tbl_network[[#This Row],[Categories]],tbl_network[[#This Row],[Categories]]),"000")) | AN22: FALSE | AO22: =_xlfn.IFNA(INDEX(tbl_handover[No. Handover],MATCH(tbl_network[[#This Row],[No Asset]],tbl_handover[Asset Code],0)),"")
A23: =IF(tbl_network[[#This Row],[No Asset]]<>"",SUBTOTAL(3,INDEX(tbl_network[No Asset],1):tbl_network[[#This Row],[No Asset]]),"") | B23: =IF(OR(tbl_network[[#This Row],[Purchase Date]]="",tbl_network[[#This Row],[Categories]]=""),"", TEXT(tbl_network[[#This Row],[Purchase Date]],"YYMM")& _xlfn.XLOOKUP(tbl_network[[#This Row],[Categories]],CODEX!$Z:$Z,CODEX!$W:$W,"")& TEXT(_xlfn.XLOOKUP(tbl_network[[#This Row],[Categories]],CODEX!$Z:$Z,CODEX!$Y:$Y,""),"00")& TEXT(COUNTIFS(INDEX(tbl_network[Purchase Date],1):tbl_network[[#This Row],[Purchase Date]],">="&DATE(YEAR(tbl_network[[#This Row],[Purchase Date]]),MONTH(tbl_network[[#This Row],[Purchase Date]]),1),INDEX(tbl_network[Purchase Date],1):tbl_network[[#This Row],[Purchase Date]],"<"&EDATE(DATE(YEAR(tbl_network[[#This Row],[Purchase Date]]),MONTH(tbl_network[[#This Row],[Purchase Date]]),1),1),INDEX(tbl_network[Categories],1):tbl_network[[#This Row],[Categories]],tbl_network[[#This Row],[Categories]]),"000")) | AN23: FALSE | AO23: =_xlfn.IFNA(INDEX(tbl_handover[No. Handover],MATCH(tbl_network[[#This Row],[No Asset]],tbl_handover[Asset Code],0)),"")
A24: =IF(tbl_network[[#This Row],[No Asset]]<>"",SUBTOTAL(3,INDEX(tbl_network[No Asset],1):tbl_network[[#This Row],[No Asset]]),"") | B24: =IF(OR(tbl_network[[#This Row],[Purchase Date]]="",tbl_network[[#This Row],[Categories]]=""),"", TEXT(tbl_network[[#This Row],[Purchase Date]],"YYMM")& _xlfn.XLOOKUP(tbl_network[[#This Row],[Categories]],CODEX!$Z:$Z,CODEX!$W:$W,"")& TEXT(_xlfn.XLOOKUP(tbl_network[[#This Row],[Categories]],CODEX!$Z:$Z,CODEX!$Y:$Y,""),"00")& TEXT(COUNTIFS(INDEX(tbl_network[Purchase Date],1):tbl_network[[#This Row],[Purchase Date]],">="&DATE(YEAR(tbl_network[[#This Row],[Purchase Date]]),MONTH(tbl_network[[#This Row],[Purchase Date]]),1),INDEX(tbl_network[Purchase Date],1):tbl_network[[#This Row],[Purchase Date]],"<"&EDATE(DATE(YEAR(tbl_network[[#This Row],[Purchase Date]]),MONTH(tbl_network[[#This Row],[Purchase Date]]),1),1),INDEX(tbl_network[Categories],1):tbl_network[[#This Row],[Categories]],tbl_network[[#This Row],[Categories]]),"000")) | AN24: FALSE | AO24: =_xlfn.IFNA(INDEX(tbl_handover[No. Handover],MATCH(tbl_network[[#This Row],[No Asset]],tbl_handover[Asset Code],0)),"")
... A27: =IF(tbl_network[[#This Row],[No Asset]]<>"",SUBTOTAL(3,INDEX(tbl_network[No Asset],1):tbl_network[[#This Row],[No Asset]]),"") | B27: =IF(OR(tbl_network[[#This Row],[Purchase Date]]="",tbl_network[[#This Row],[Categories]]=""),"", TEXT(tbl_network[[#This Row],[Purchase Date]],"YYMM")& _xlfn.XLOOKUP(tbl_network[[#This Row],[Categories]],CODEX!$Z:$Z,CODEX!$W:$W,"")& TEXT(_xlfn.XLOOKUP(tbl_network[[#This Row],[Categories]],CODEX!$Z:$Z,CODEX!$Y:$Y,""),"00")& TEXT(COUNTIFS(INDEX(tbl_network[Purchase Date],1):tbl_network[[#This Row],[Purchase Date]],">="&DATE(YEAR(tbl_network[[#This Row],[Purchase Date]]),MONTH(tbl_network[[#This Row],[Purchase Date]]),1),INDEX(tbl_network[Purchase Date],1):tbl_network[[#This Row],[Purchase Date]],"<"&EDATE(DATE(YEAR(tbl_network[[#This Row],[Purchase Date]]),MONTH(tbl_network[[#This Row],[Purchase Date]]),1),1),INDEX(tbl_network[Categories],1):tbl_network[[#This Row],[Categories]],tbl_network[[#This Row],[Categories]]),"000")) | AN27: FALSE | AO27: =_xlfn.IFNA(INDEX(tbl_handover[No. Handover],MATCH(tbl_network[[#This Row],[No Asset]],tbl_handover[Asset Code],0)),"")

Sheet PERIPHERAL
A1: 4 | B1: Sample : TTBBKSK000 | C1: Asset Order | E1: Asset ( Category 4 - Peripheral ) | T1: Connectivity / Port (1/2/3) | AC1: Image Device
A2: No | B2: No Asset | C2: Purchase Date | D2: No PO | E2: Location | F2: Room | G2: Categories | H2: Sub-Cat | I2: Device Name | J2: Short Name | K2: S/N Unit | L2: Manufacture | M2: Type | N2: Model / Detil Spc. | O2: Hostname | P2: Mac Address | Q2: IP Address | R2: Capacity | S2: Speed | T2: USB | U2: BT/Wireless | V2: HDMI | W2: LAN | X2: WIFI | Y2: Device Condition | Z2: Ownership | AA2: Usage Status | AB2: Notes | AC2: img_1 | AD2: img_2 | AE2: img_3 | AF2: Labeling | AG2: Handover Doc
A3: =IF(tbl_peripheral[[#This Row],[No Asset]]<>"",SUBTOTAL(3,INDEX(tbl_peripheral[No Asset],1):tbl_peripheral[[#This Row],[No Asset]]),"") -> 1 | B3: =IF(OR(tbl_peripheral[[#This Row],[Purchase Date]]="",tbl_peripheral[[#This Row],[Categories]]=""),"", TEXT(tbl_peripheral[[#This Row],[Purchase Date]],"YYMM")& _xlfn.XLOOKUP(tbl_peripheral[[#This Row],[Categories]],CODEX!$Z:$Z,CODEX!$W:$W,"")& TEXT(_xlfn.XLOOKUP(tbl_peripheral[[#This Row],[Categories]],CODEX!$Z:$Z,CODEX!$Y:$Y,""),"00")& TEXT(COUNTIFS(INDEX(tbl_peripheral[Purchase Date],1):tbl_peripheral[[#This Row],[Purchase Date]],">="&DATE(YEAR(tbl_peripheral[[#This Row],[Purchase Date]]),MONTH(tbl_peripheral[[#This Row],[Purchase Date]]),1),INDEX(tbl_peripheral[Purchase Date],1):tbl_peripheral[[#This Row],[Purchase Date]],"<"&EDATE(DATE(YEAR(tbl_peripheral[[#This Row],[Purchase Date]]),MONTH(tbl_peripheral[[#This Row],[Purchase Date]]),1),1),INDEX(tbl_peripheral[Categories],1):tbl_peripheral[[#This Row],[Categories]],tbl_peripheral[[#This Row],[Categories]]),"000")) -> 2609104001 | C3: 46268 | D3: PO-001 | E3: Patimban | F3: Authority Supp. - Customs | G3: Peripheral | H3: MK SET | I3: Keyboard + Mouse Wireless MK270 | J3: MK SET | K3: 2610TVZ373S9 | L3: Logitech | M3: Wireless | N3: Wireless MK270 | O3: N/A | P3: N/A | Q3: N/A | R3: N/A | S3: N/A | T3: N/A | U3: 1 | V3: N/A | W3: N/A | X3: N/A | Y3: New | Z3: PGT | AA3: Shared | AF3: TRUE | AG3: =_xlfn.IFNA(INDEX(tbl_handover[No. Handover],MATCH(tbl_peripheral[[#This Row],[No Asset]],tbl_handover[Asset Code],0)),"") -> SR.26.09.0001/IX/2026/PGT/IT/INT
A4: =IF(tbl_peripheral[[#This Row],[No Asset]]<>"",SUBTOTAL(3,INDEX(tbl_peripheral[No Asset],1):tbl_peripheral[[#This Row],[No Asset]]),"") -> 2 | B4: =IF(OR(tbl_peripheral[[#This Row],[Purchase Date]]="",tbl_peripheral[[#This Row],[Categories]]=""),"", TEXT(tbl_peripheral[[#This Row],[Purchase Date]],"YYMM")& _xlfn.XLOOKUP(tbl_peripheral[[#This Row],[Categories]],CODEX!$Z:$Z,CODEX!$W:$W,"")& TEXT(_xlfn.XLOOKUP(tbl_peripheral[[#This Row],[Categories]],CODEX!$Z:$Z,CODEX!$Y:$Y,""),"00")& TEXT(COUNTIFS(INDEX(tbl_peripheral[Purchase Date],1):tbl_peripheral[[#This Row],[Purchase Date]],">="&DATE(YEAR(tbl_peripheral[[#This Row],[Purchase Date]]),MONTH(tbl_peripheral[[#This Row],[Purchase Date]]),1),INDEX(tbl_peripheral[Purchase Date],1):tbl_peripheral[[#This Row],[Purchase Date]],"<"&EDATE(DATE(YEAR(tbl_peripheral[[#This Row],[Purchase Date]]),MONTH(tbl_peripheral[[#This Row],[Purchase Date]]),1),1),INDEX(tbl_peripheral[Categories],1):tbl_peripheral[[#This Row],[Categories]],tbl_peripheral[[#This Row],[Categories]]),"000")) -> 2609104002 | C4: 46268 | D4: PO-001 | E4: Patimban | F4: Authority Supp. - KSOP | G4: Peripheral | H4: MK SET | I4: Keyboard + Mouse Wireless MK270 | J4: MK SET | K4: 2610TVZ373S8 | L4: Logitech | M4: Wireless | N4: Wireless MK270 | O4: N/A | P4: N/A | Q4: N/A | R4: N/A | S4: N/A | T4: N/A | U4: 1 | V4: N/A | W4: N/A | X4: N/A | Y4: New | Z4: PGT | AA4: Shared | AF4: TRUE | AG4: =_xlfn.IFNA(INDEX(tbl_handover[No. Handover],MATCH(tbl_peripheral[[#This Row],[No Asset]],tbl_handover[Asset Code],0)),"") -> SR.26.09.0002/IX/2026/PGT/IT/INT
